329.99700927734375,86.81072235107422,0.9265305399894714,330.1143493652344,169.3519287109375,0.8929184675216675,265.68670654296875,169.3391571044922,0.8409567475318909,245.62359619140625,279.720703125,0.8004761934280396,229.5760498046875,378.3756408691406,0.8551938533782959,398.36895751953125,169.3532257080078,0.7806318402290344,426.44219970703125,281.828857421875,0.8375372290611267,438.5667419433594,386.3232727050781,0.8154944181442261,332.1334228515625,408.4330139160156,0.5967165231704712,287.8245849609375,408.3814392089844,0.5459774136543274,384.2685852050781,410.3936767578125,0.5400484204292297,314.0173034667969,72.82515716552734,0.9424325227737427,344.1261291503906,70.9195327758789,0.9662253856658936,297.91876220703125,86.95282745361328,0.9414225816726685,362.23388671875,86.86837768554688,0.9644644856452942,3.1230451510755817,1.7503966821887575,3.012510135080164,1.815411832813082
330.0,87.0,1.0,330.0,169.0,1.0,266.0,169.0,1.0,245.0,280.0,1.0,229.0,378.0,1.0,398.0,169.0,1.0,426.0,282.0,1.0,439.0,386.0,1.0,332.0,408.0,1.0,288.0,408.0,1.0,384.0,410.0,1.0,314.0,73.0,1.0,344.0,71.0,1.0,298.0,87.0,1.0,362.0,87.0,1.0,3.1164508149093004,1.7577755967138078,3.02305231532895,1.8136916596025014
330.0,87.0,1.0,330.0,169.0,1.0,266.0,169.0,1.0,245.0,280.0,1.0,229.0,378.0,1.0,398.0,169.0,1.0,426.0,282.0,1.0,439.0,386.0,1.0,332.0,408.0,1.0,288.0,408.0,1.0,384.0,410.0,1.0,314.0,73.0,1.0,344.0,71.0,1.0,298.0,87.0,1.0,362.0,87.0,1.0,3.1164508149093004,1.7577755967138078,3.02305231532895,1.8136916596025014
330.0,87.0,1.0,330.0,169.0,1.0,266.0,169.0,1.0,245.0,280.0,1.0,229.0,378.0,1.0,398.0,169.0,1.0,426.0,282.0,1.0,439.0,386.0,1.0,332.0,408.0,1.0,288.0,408.0,1.0,384.0,410.0,1.0,314.0,73.0,1.0,344.0,71.0,1.0,298.0,87.0,1.0,362.0,87.0,1.0,3.1164508149093004,1.7577755967138078,3.02305231532895,1.8136916596025014
330.0,87.0,1.0,330.0,169.0,1.0,266.0,169.0,1.0,245.0,280.0,1.0,229.0,378.0,1.0,398.0,169.0,1.0,426.0,282.0,1.0,439.0,386.0,1.0,332.0,408.0,1.0,288.0,408.0,1.0,384.0,410.0,1.0,314.0,73.0,1.0,344.0,71.0,1.0,298.0,87.0,1.0,362.0,87.0,1.0,3.1164508149093004,1.7577755967138078,3.02305231532895,1.8136916596025014
330.0,87.0,1.0,330.0,169.0,1.0,266.0,169.0,1.0,245.0,280.0,1.0,229.0,378.0,1.0,398.0,169.0,1.0,426.0,282.0,1.0,439.0,386.0,1.0,332.0,408.0,1.0,288.0,408.0,1.0,384.0,410.0,1.0,314.0,73.0,1.0,344.0,71.0,1.0,298.0,87.0,1.0,362.0,87.0,1.0,3.1164508149093004,1.7577755967138078,3.02305231532895,1.8136916596025014
330.0,87.0,1.0,330.0,169.0,1.0,266.0,169.0,1.0,245.0,280.0,1.0,229.0,378.0,1.0,398.0,169.0,1.0,426.0,282.0,1.0,439.0,386.0,1.0,332.0,408.0,1.0,288.0,408.0,1.0,384.0,410.0,1.0,314.0,73.0,1.0,344.0,71.0,1.0,298.0,87.0,1.0,362.0,87.0,1.0,3.1164508149093004,1.7577755967138078,3.02305231532895,1.8136916596025014
330.0,87.0,1.0,330.0,169.0,1.0,266.0,169.0,1.0,245.0,280.0,1.0,229.0,378.0,1.0,398.0,169.0,1.0,426.0,282.0,1.0,439.0,386.0,1.0,332.0,408.0,1.0,288.0,408.0,1.0,384.0,410.0,1.0,314.0,73.0,1.0,344.0,71.0,1.0,298.0,87.0,1.0,362.0,87.0,1.0,3.1164508149093004,1.7577755967138078,3.02305231532895,1.8136916596025014
330.0,87.0,1.0,330.0,169.0,1.0,266.0,169.0,1.0,245.0,280.0,1.0,229.0,378.0,1.0,398.0,169.0,1.0,426.0,282.0,1.0,439.0,386.0,1.0,332.0,408.0,1.0,288.0,408.0,1.0,384.0,410.0,1.0,314.0,73.0,1.0,344.0,71.0,1.0,298.0,87.0,1.0,362.0,87.0,1.0,3.1164508149093004,1.7577755967138078,3.02305231532895,1.8136916596025014
330.0,87.0,1.0,330.0,169.0,1.0,266.0,169.0,1.0,245.0,280.0,1.0,229.0,378.0,1.0,398.0,169.0,1.0,426.0,282.0,1.0,439.0,385.0,1.0,332.0,408.0,1.0,288.0,408.0,1.0,384.0,410.0,1.0,314.0,73.0,1.0,344.0,71.0,1.0,298.0,87.0,1.0,362.0,87.0,1.0,3.1164508149093004,1.7577755967138078,3.024247057890714,1.8136916596025014
330.0,87.0,1.0,330.0,169.0,1.0,266.0,169.0,1.0,245.0,280.0,1.0,230.0,377.0,1.0,398.0,169.0,1.0,426.0,282.0,1.0,439.0,385.0,1.0,332.0,408.0,1.0,288.0,408.0,1.0,384.0,410.0,1.0,314.0,73.0,1.0,344.0,71.0,1.0,298.0,87.0,1.0,362.0,87.0,1.0,3.1080373052497245,1.7577755967138078,3.024247057890714,1.8136916596025014
330.0,87.0,1.0,330.0,169.0,1.0,266.0,169.0,1.0,245.0,280.0,1.0,231.0,376.0,1.0,398.0,169.0,1.0,426.0,282.0,1.0,439.0,385.0,1.0,332.0,408.0,1.0,288.0,408.0,1.0,383.0,410.0,1.0,314.0,73.0,1.0,344.0,71.0,1.0,298.0,87.0,1.0,362.0,87.0,1.0,3.0994258819098213,1.7577755967138078,3.024247057890714,1.8136916596025014
330.0,87.0,1.0,330.0,169.0,1.0,266.0,169.0,1.0,245.0,280.0,1.0,233.0,375.0,1.0,398.0,169.0,1.0,426.0,282.0,1.0,438.0,383.0,1.0,332.0,408.0,1.0,288.0,408.0,1.0,382.0,410.0,1.0,314.0,73.0,1.0,344.0,71.0,1.0,298.0,87.0,1.0,362.0,87.0,1.0,3.0802637142807274,1.7577755967138078,3.016954829921268,1.8136916596025014
330.0,87.0,1.0,330.0,169.0,1.0,266.0,169.0,1.0,245.0,280.0,1.0,235.0,373.0,1.0,398.0,169.0,1.0,426.0,282.0,1.0,437.0,378.0,1.0,332.0,408.0,1.0,288.0,408.0,1.0,379.0,411.0,1.0,314.0,73.0,1.0,344.0,71.0,1.0,298.0,87.0,1.0,362.0,87.0,1.0,3.061728707023113,1.7577755967138078,3.012783099950347,1.8136916596025014
330.0,87.0,1.0,330.0,169.0,1.0,266.0,169.0,1.0,246.0,277.0,1.0,236.0,373.0,1.0,398.0,169.0,1.0,427.0,282.0,1.0,434.0,374.0,1.0,332.0,408.0,1.0,286.0,406.0,1.0,377.0,411.0,1.0,314.0,73.0,1.0,344.0,71.0,1.0,298.0,87.0,1.0,362.0,87.0,1.0,3.0622741767843493,1.7539071440573808,2.9663177013636246,1.8220119152869605
330.0,87.0,1.0,330.0,169.0,1.0,266.0,169.0,1.0,246.0,276.0,1.0,239.0,368.0,1.0,398.0,169.0,1.0,427.0,281.0,1.0,432.0,370.0,1.0,332.0,407.0,1.0,286.0,402.0,1.0,377.0,409.0,1.0,314.0,73.0,1.0,344.0,71.0,1.0,298.0,87.0,1.0,362.0,87.0,1.0,3.032749673885864,1.755579942764721,2.9443492254848307,1.8241605376010352
330.0,87.0,1.0,330.0,169.0,1.0,267.0,169.0,1.0,246.0,275.0,1.0,242.0,362.0,1.0,398.0,169.0,1.0,427.0,280.0,1.0,429.0,363.0,1.0,332.0,407.0,1.0,286.0,402.0,1.0,376.0,407.0,1.0,314.0,73.0,1.0,344.0,71.0,1.0,298.0,87.0,1.0,362.0,87.0,1.0,2.991956629588087,1.766377006604723,2.9101352830733322,1.8263454207362784
330.0,87.0,1.0,330.0,169.0,1.0,267.0,169.0,1.0,246.0,274.0,1.0,245.0,354.0,1.0,398.0,169.0,1.0,427.0,279.0,1.0,425.0,362.0,1.0,332.0,407.0,1.0,286.0,402.0,1.0,377.0,407.0,1.0,314.0,73.0,1.0,344.0,71.0,1.0,298.0,87.0,1.0,362.0,87.0,1.0,2.9566964427592755,1.7681918866447774,2.859729787930575,1.828567469029193
330.0,87.0,1.0,330.0,169.0,1.0,267.0,169.0,1.0,247.0,271.0,1.0,248.0,344.0,1.0,398.0,169.0,1.0,427.0,278.0,1.0,414.0,356.0,1.0,332.0,407.0,1.0,287.0,405.0,1.0,379.0,405.0,1.0,314.0,73.0,1.0,344.0,71.0,1.0,298.0,87.0,1.0,362.0,87.0,1.0,2.9342728873609825,1.764418319650842,2.716412686593034,1.8308276163770287
330.0,87.0,1.0,330.0,169.0,1.0,267.0,169.0,1.0,248.0,270.0,1.0,251.0,334.0,1.0,398.0,169.0,1.0,426.0,276.0,1.0,410.0,342.0,1.0,332.0,407.0,1.0,290.0,404.0,1.0,380.0,404.0,1.0,314.0,73.0,1.0,344.0,71.0,1.0,298.0,87.0,1.0,362.0,87.0,1.0,2.9088062621181123,1.7567420053506075,2.6478135901276603,1.8267394627995788
330.0,87.0,1.0,330.0,169.0,1.0,267.0,169.0,1.0,247.0,269.0,1.0,260.0,328.0,1.0,398.0,169.0,1.0,425.0,274.0,1.0,408.0,324.0,1.0,333.0,405.0,1.0,290.0,404.0,1.0,380.0,404.0,1.0,314.0,73.0,1.0,344.0,71.0,1.0,298.0,87.0,1.0,362.0,87.0,1.0,2.727323478073504,1.7681918866447774,2.562164175051051,1.8224862985530834
330.0,87.0,1.0,330.0,169.0,1.0,267.0,169.0,1.0,248.0,267.0,1.0,263.0,308.0,1.0,398.0,169.0,1.0,423.0,271.0,1.0,404.0,316.0,1.0,333.0,405.0,1.0,290.0,404.0,1.0,380.0,404.0,1.0,314.0,73.0,1.0,344.0,71.0,1.0,298.0,87.0,1.0,362.0,87.0,1.0,2.599362986871971,1.7622980452645154,2.5017174012606107,1.8111560851247044
330.0,87.0,1.0,330.0,169.0,1.0,267.0,169.0,1.0,242.0,270.0,1.0,262.0,294.0,1.0,398.0,169.0,1.0,431.0,268.0,1.0,398.0,297.0,1.0,333.0,405.0,1.0,290.0,404.0,1.0,380.0,404.0,1.0,314.0,73.0,1.0,344.0,71.0,1.0,298.0,87.0,1.0,362.0,87.0,1.0,2.2042067123753526,1.8134439918126342,1.970017096370149,1.892546881191539
330.0,87.0,1.0,330.0,169.0,1.0,267.0,169.0,1.0,248.0,288.0,1.0,282.0,234.0,1.0,398.0,169.0,1.0,435.0,280.0,1.0,386.0,270.0,1.0,333.0,405.0,1.0,290.0,404.0,1.0,380.0,404.0,1.0,314.0,73.0,1.0,344.0,71.0,1.0,298.0,87.0,1.0,362.0,87.0,1.0,0.40359406144838517,1.7291238276033265,1.0477286640236136,1.892546881191539
330.0,87.0,1.0,333.0,169.0,1.0,267.0,169.0,1.0,247.0,282.0,1.0,272.0,250.0,1.0,398.0,169.0,1.0,435.0,277.0,1.0,382.0,247.0,1.0,333.0,405.0,1.0,290.0,404.0,1.0,380.0,404.0,1.0,314.0,73.0,1.0,344.0,71.0,1.0,298.0,87.0,1.0,362.0,87.0,1.0,0.4880259981829318,1.7459733213180584,0.7256628973666805,1.9008569392043309
330.0,87.0,1.0,333.0,169.0,1.0,267.0,169.0,1.0,243.0,279.0,1.0,266.0,234.0,1.0,401.0,169.0,1.0,434.0,275.0,1.0,378.0,218.0,1.0,334.0,403.0,1.0,290.0,404.0,1.0,380.0,404.0,1.0,314.0,73.0,1.0,344.0,71.0,1.0,298.0,87.0,1.0,362.0,87.0,1.0,0.2576815351154051,1.7856117271965553,0.47473865911880775,1.8726065045572797
330.0,87.0,1.0,337.0,169.0,1.0,270.0,167.0,1.0,241.0,280.0,1.0,268.0,213.0,1.0,401.0,168.0,1.0,434.0,270.0,1.0,374.0,198.0,1.0,334.0,403.0,1.0,290.0,404.0,1.0,380.0,404.0,1.0,314.0,73.0,1.0,344.0,71.0,1.0,298.0,87.0,1.0,362.0,87.0,1.0,0.13186147704494394,1.7921700306198511,0.38183704831631826,1.8680738260548042
330.0,87.0,1.0,339.0,169.0,1.0,270.0,167.0,1.0,242.0,279.0,1.0,269.0,198.0,1.0,401.0,167.0,1.0,434.0,266.0,1.0,369.0,184.0,1.0,334.0,401.0,1.0,291.0,401.0,1.0,381.0,401.0,1.0,314.0,73.0,1.0,344.0,71.0,1.0,298.0,87.0,1.0,362.0,87.0,1.0,0.07677189126977907,1.7867975960701994,0.3485128058101458,1.860299998756285
330.0,87.0,1.0,336.0,167.0,1.0,270.0,167.0,1.0,244.0,275.0,1.0,270.0,187.0,1.0,402.0,167.0,1.0,433.0,262.0,1.0,364.0,169.0,1.0,334.0,401.0,1.0,291.0,401.0,1.0,381.0,401.0,1.0,314.0,73.0,1.0,344.0,71.0,1.0,298.0,87.0,1.0,362.0,87.0,1.0,0.051036192678697176,1.807041587513334,0.32289828302860574,1.886217851775337
330.0,87.0,1.0,337.0,167.0,1.0,270.0,165.0,1.0,245.0,271.0,1.0,274.0,181.0,1.0,400.0,166.0,1.0,430.0,258.0,1.0,362.0,162.0,1.0,334.0,401.0,1.0,291.0,401.0,1.0,381.0,401.0,1.0,314.0,73.0,1.0,344.0,71.0,1.0,298.0,87.0,1.0,362.0,87.0,1.0,0.0801010167463973,1.772570871630655,0.30108223764536,1.8701393435538176
330.0,87.0,1.0,338.0,167.0,1.0,270.0,165.0,1.0,245.0,270.0,1.0,278.0,177.0,1.0,401.0,163.0,1.0,428.0,253.0,1.0,360.0,154.0,1.0,334.0,401.0,1.0,291.0,401.0,1.0,381.0,401.0,1.0,314.0,73.0,1.0,344.0,71.0,1.0,298.0,87.0,1.0,362.0,87.0,1.0,0.10723577262744911,1.7751362194597928,0.3104017352168293,1.7988461693059317
330.0,87.0,1.0,338.0,167.0,1.0,270.0,165.0,1.0,245.0,269.0,1.0,279.0,174.0,1.0,403.0,163.0,1.0,427.0,251.0,1.0,358.0,149.0,1.0,334.0,401.0,1.0,291.0,401.0,1.0,381.0,401.0,1.0,314.0,73.0,1.0,344.0,71.0,1.0,298.0,87.0,1.0,362.0,87.0,1.0,0.10778198992013335,1.777301655659363,0.3285072083324268,1.7755874200630561
330.0,87.0,1.0,338.0,167.0,1.0,271.0,164.0,1.0,245.0,269.0,1.0,280.0,173.0,1.0,403.0,162.0,1.0,426.0,250.0,1.0,357.0,148.0,1.0,334.0,401.0,1.0,291.0,401.0,1.0,383.0,399.0,1.0,314.0,73.0,1.0,344.0,71.0,1.0,298.0,87.0,1.0,362.0,87.0,1.0,0.10687060937263222,1.7687866097580514,0.33911433220541687,1.7496693608030542
330.0,87.0,1.0,335.0,167.0,1.0,271.0,164.0,1.0,245.0,269.0,1.0,280.0,173.0,1.0,401.0,163.0,1.0,426.0,250.0,1.0,358.0,145.0,1.0,334.0,401.0,1.0,291.0,401.0,1.0,383.0,399.0,1.0,314.0,73.0,1.0,344.0,71.0,1.0,298.0,87.0,1.0,362.0,87.0,1.0,0.10687060937263222,1.7666921282966974,0.29488251041894636,1.7900814155360327
330.0,87.0,1.0,335.0,167.0,1.0,271.0,165.0,1.0,245.0,270.0,1.0,280.0,174.0,1.0,401.0,163.0,1.0,426.0,250.0,1.0,357.0,145.0,1.0,334.0,401.0,1.0,291.0,401.0,1.0,383.0,399.0,1.0,314.0,73.0,1.0,344.0,71.0,1.0,298.0,87.0,1.0,362.0,87.0,1.0,0.10687060937263222,1.7822930077823986,0.30156307528165643,1.7900814155360327
330.0,87.0,1.0,335.0,167.0,1.0,269.0,167.0,1.0,246.0,269.0,1.0,280.0,175.0,1.0,401.0,163.0,1.0,426.0,251.0,1.0,357.0,145.0,1.0,334.0,401.0,1.0,291.0,401.0,1.0,383.0,399.0,1.0,314.0,73.0,1.0,344.0,71.0,1.0,298.0,87.0,1.0,362.0,87.0,1.0,0.12528063451689123,1.792577295817496,0.30023997203775943,1.7870624656447796
330.0,87.0,1.0,335.0,168.0,1.0,269.0,168.0,1.0,246.0,269.0,1.0,280.0,174.0,1.0,401.0,164.0,1.0,426.0,252.0,1.0,359.0,149.0,1.0,334.0,401.0,1.0,291.0,401.0,1.0,383.0,399.0,1.0,314.0,73.0,1.0,344.0,71.0,1.0,298.0,87.0,1.0,362.0,87.0,1.0,0.11978610685825551,1.7947008269252462,0.2999182424304314,1.7870624656447796
330.0,87.0,1.0,335.0,168.0,1.0,269.0,168.0,1.0,245.0,269.0,1.0,280.0,174.0,1.0,401.0,165.0,1.0,427.0,253.0,1.0,359.0,150.0,1.0,334.0,401.0,1.0,291.0,401.0,1.0,384.0,399.0,1.0,314.0,73.0,1.0,344.0,71.0,1.0,298.0,87.0,1.0,362.0,87.0,1.0,0.11969343629028496,1.8040932783315238,0.2962267983889719,1.8126545007704538
331.0,87.0,1.0,335.0,168.0,1.0,269.0,167.0,1.0,244.0,268.0,1.0,280.0,173.0,1.0,402.0,166.0,1.0,428.0,254.0,1.0,360.0,151.0,1.0,335.0,401.0,1.0,292.0,401.0,1.0,385.0,399.0,1.0,315.0,73.0,1.0,345.0,71.0,1.0,299.0,87.0,1.0,363.0,87.0,1.0,0.11957921268903449,1.7982936359378645,0.2962267983889719,1.8282358955249214
332.0,87.0,1.0,336.0,168.0,1.0,270.0,165.0,1.0,243.0,266.0,1.0,281.0,171.0,1.0,403.0,167.0,1.0,428.0,253.0,1.0,361.0,152.0,1.0,336.0,401.0,1.0,293.0,401.0,1.0,386.0,402.0,1.0,316.0,73.0,1.0,346.0,71.0,1.0,300.0,87.0,1.0,364.0,87.0,1.0,0.11928784249782895,1.7865915819878548,0.30281342449426146,1.838772915332897
333.0,87.0,1.0,337.0,168.0,1.0,271.0,164.0,1.0,243.0,262.0,1.0,282.0,167.0,1.0,404.0,168.0,1.0,429.0,254.0,1.0,362.0,153.0,1.0,337.0,401.0,1.0,293.0,401.0,1.0,386.0,402.0,1.0,317.0,73.0,1.0,347.0,71.0,1.0,304.0,87.0,1.0,365.0,87.0,1.0,0.1112480630549208,1.788563966017901,0.30281342449426146,1.853697180322982
334.0,87.0,1.0,337.0,168.0,1.0,272.0,162.0,1.0,243.0,255.0,1.0,283.0,165.0,1.0,403.0,168.0,1.0,430.0,255.0,1.0,363.0,154.0,1.0,338.0,401.0,1.0,293.0,401.0,1.0,386.0,402.0,1.0,318.0,73.0,1.0,348.0,71.0,1.0,305.0,87.0,1.0,366.0,87.0,1.0,0.11595183099911426,1.7810219765116044,0.2847940436619216,1.8717165611553217
335.0,87.0,1.0,337.0,167.0,1.0,272.0,159.0,1.0,246.0,248.0,1.0,287.0,159.0,1.0,402.0,169.0,1.0,431.0,256.0,1.0,364.0,160.0,1.0,338.0,401.0,1.0,293.0,401.0,1.0,386.0,402.0,1.0,322.0,74.0,1.0,349.0,71.0,1.0,306.0,87.0,1.0,370.0,87.0,1.0,0.1474695017499467,1.7325607849439344,0.2875758307804472,1.923306407262008
336.0,87.0,1.0,338.0,167.0,1.0,273.0,155.0,1.0,251.0,238.0,1.0,293.0,152.0,1.0,402.0,170.0,1.0,430.0,260.0,1.0,365.0,163.0,1.0,338.0,400.0,1.0,293.0,401.0,1.0,386.0,402.0,1.0,323.0,74.0,1.0,350.0,71.0,1.0,307.0,87.0,1.0,371.0,87.0,1.0,0.1952000689139057,1.6473384914434,0.28875884972628724,1.919256085977106
339.0,88.0,1.0,338.0,167.0,1.0,277.0,154.0,1.0,250.0,232.0,1.0,301.0,145.0,1.0,402.0,173.0,1.0,430.0,262.0,1.0,363.0,164.0,1.0,336.0,403.0,1.0,293.0,401.0,1.0,384.0,404.0,1.0,324.0,75.0,1.0,350.0,71.0,1.0,307.0,88.0,1.0,374.0,87.0,1.0,0.19697147166495768,1.694067115044406,0.29488129054756734,1.9690761325437234
339.0,88.0,1.0,339.0,168.0,1.0,280.0,154.0,1.0,259.0,217.0,1.0,311.0,138.0,1.0,402.0,174.0,1.0,430.0,265.0,1.0,362.0,167.0,1.0,336.0,402.0,1.0,293.0,401.0,1.0,384.0,404.0,1.0,324.0,76.0,1.0,350.0,72.0,1.0,307.0,89.0,1.0,374.0,87.0,1.0,0.2603870137623018,1.6595676421144359,0.3081061770083474,1.9642469647238323
339.0,89.0,1.0,340.0,170.0,1.0,278.0,157.0,1.0,270.0,201.0,1.0,317.0,137.0,1.0,403.0,175.0,1.0,429.0,269.0,1.0,361.0,171.0,1.0,336.0,402.0,1.0,293.0,401.0,1.0,383.0,404.0,1.0,324.0,77.0,1.0,350.0,73.0,1.0,307.0,90.0,1.0,374.0,88.0,1.0,0.4535723831766662,1.5439666081031256,0.336755952656058,1.9198445537028173
339.0,91.0,1.0,339.0,171.0,1.0,278.0,157.0,1.0,282.0,187.0,1.0,320.0,135.0,1.0,396.0,169.0,1.0,428.0,273.0,1.0,362.0,178.0,1.0,335.0,402.0,1.0,292.0,401.0,1.0,382.0,404.0,1.0,325.0,81.0,1.0,350.0,74.0,1.0,307.0,92.0,1.0,374.0,89.0,1.0,0.7636309197680032,1.2126435506621986,0.3086859711164487,1.8342219278478504
340.0,93.0,1.0,339.0,171.0,1.0,281.0,154.0,1.0,287.0,181.0,1.0,312.0,140.0,1.0,396.0,171.0,1.0,427.0,277.0,1.0,363.0,185.0,1.0,332.0,405.0,1.0,289.0,403.0,1.0,380.0,406.0,1.0,325.0,82.0,1.0,350.0,75.0,1.0,307.0,93.0,1.0,374.0,90.0,1.0,0.7662311818139393,1.0670096457483584,0.3232835118059628,1.8553148111028939
340.0,94.0,1.0,340.0,170.0,1.0,276.0,157.0,1.0,288.0,180.0,1.0,310.0,144.0,1.0,399.0,175.0,1.0,426.0,280.0,1.0,364.0,191.0,1.0,331.0,406.0,1.0,288.0,403.0,1.0,379.0,407.0,1.0,325.0,83.0,1.0,350.0,76.0,1.0,307.0,94.0,1.0,374.0,91.0,1.0,1.0294366826458639,0.8895104927736822,0.356770135481558,1.9070300540660816
341.0,95.0,1.0,341.0,172.0,1.0,275.0,159.0,1.0,287.0,183.0,1.0,311.0,142.0,1.0,400.0,177.0,1.0,426.0,281.0,1.0,365.0,194.0,1.0,330.0,407.0,1.0,285.0,405.0,1.0,378.0,408.0,1.0,325.0,84.0,1.0,352.0,79.0,1.0,308.0,95.0,1.0,375.0,92.0,1.0,0.9932372077828826,0.912668601578985,0.3665183111326973,1.900318745434759
341.0,95.0,1.0,342.0,173.0,1.0,280.0,161.0,1.0,281.0,191.0,1.0,312.0,142.0,1.0,400.0,178.0,1.0,427.0,281.0,1.0,369.0,197.0,1.0,329.0,408.0,1.0,283.0,406.0,1.0,378.0,409.0,1.0,326.0,85.0,1.0,353.0,80.0,1.0,309.0,96.0,1.0,376.0,93.0,1.0,0.5974047169279042,1.3462908713196349,0.3479378145484303,1.9131583103069372
343.0,97.0,1.0,342.0,173.0,1.0,280.0,161.0,1.0,275.0,201.0,1.0,304.0,149.0,1.0,401.0,178.0,1.0,428.0,280.0,1.0,362.0,173.0,1.0,328.0,409.0,1.0,282.0,407.0,1.0,378.0,410.0,1.0,326.0,85.0,1.0,354.0,81.0,1.0,310.0,96.0,1.0,376.0,92.0,1.0,0.3843748297687917,1.5039668617446436,0.2939262996716061,1.9141109742715925
343.0,96.0,1.0,343.0,171.0,1.0,278.0,155.0,1.0,266.0,215.0,1.0,299.0,153.0,1.0,404.0,179.0,1.0,429.0,278.0,1.0,363.0,168.0,1.0,327.0,409.0,1.0,281.0,407.0,1.0,378.0,410.0,1.0,326.0,85.0,1.0,354.0,81.0,1.0,310.0,95.0,1.0,376.0,92.0,1.0,0.29172424566164806,1.5268363960693736,0.29306554469876067,1.9485535902558535
343.0,97.0,1.0,340.0,167.0,1.0,274.0,159.0,1.0,258.0,231.0,1.0,292.0,160.0,1.0,406.0,173.0,1.0,431.0,272.0,1.0,366.0,165.0,1.0,326.0,408.0,1.0,281.0,406.0,1.0,378.0,410.0,1.0,325.0,84.0,1.0,354.0,80.0,1.0,310.0,94.0,1.0,376.0,91.0,1.0,0.22793485913186654,1.668841604088736,0.29854494191546616,1.9088101695674653
342.0,97.0,1.0,342.0,166.0,1.0,274.0,161.0,1.0,251.0,246.0,1.0,288.0,169.0,1.0,409.0,173.0,1.0,431.0,265.0,1.0,378.0,169.0,1.0,328.0,408.0,1.0,281.0,405.0,1.0,378.0,410.0,1.0,324.0,83.0,1.0,353.0,79.0,1.0,310.0,92.0,1.0,375.0,90.0,1.0,0.18368207425633687,1.7616590208066152,0.2697186793834746,1.909618877389693
341.0,96.0,1.0,342.0,167.0,1.0,270.0,168.0,1.0,246.0,260.0,1.0,281.0,180.0,1.0,410.0,170.0,1.0,430.0,255.0,1.0,377.0,160.0,1.0,327.0,408.0,1.0,281.0,405.0,1.0,377.0,410.0,1.0,323.0,82.0,1.0,352.0,78.0,1.0,309.0,91.0,1.0,374.0,89.0,1.0,0.15722805097656942,1.8398667133466822,0.2777935495840775,1.8459760513888654
340.0,95.0,1.0,343.0,166.0,1.0,272.0,167.0,1.0,247.0,269.0,1.0,278.0,188.0,1.0,406.0,166.0,1.0,427.0,245.0,1.0,374.0,153.0,1.0,328.0,406.0,1.0,281.0,404.0,1.0,376.0,409.0,1.0,322.0,81.0,1.0,351.0,78.0,1.0,308.0,90.0,1.0,373.0,89.0,1.0,0.12515844786208885,1.8252396609475645,0.2628364029490001,1.8306106966407347
337.0,93.0,1.0,344.0,165.0,1.0,274.0,169.0,1.0,247.0,276.0,1.0,272.0,200.0,1.0,403.0,163.0,1.0,420.0,235.0,1.0,366.0,145.0,1.0,329.0,402.0,1.0,283.0,400.0,1.0,377.0,404.0,1.0,321.0,81.0,1.0,350.0,78.0,1.0,306.0,90.0,1.0,372.0,89.0,1.0,0.07062154402392261,1.8750535709871312,0.30855483942119577,1.7687756577401679
336.0,93.0,1.0,341.0,165.0,1.0,276.0,170.0,1.0,248.0,280.0,1.0,272.0,208.0,1.0,396.0,155.0,1.0,412.0,222.0,1.0,359.0,140.0,1.0,328.0,401.0,1.0,283.0,399.0,1.0,376.0,403.0,1.0,320.0,81.0,1.0,349.0,78.0,1.0,304.0,90.0,1.0,370.0,89.0,1.0,0.0724984130114282,1.8968203594498882,0.3393833375997448,1.6253585027262292
335.0,95.0,1.0,336.0,166.0,1.0,277.0,173.0,1.0,249.0,282.0,1.0,273.0,214.0,1.0,391.0,151.0,1.0,402.0,207.0,1.0,354.0,142.0,1.0,329.0,404.0,1.0,283.0,398.0,1.0,377.0,404.0,1.0,318.0,82.0,1.0,348.0,79.0,1.0,302.0,91.0,1.0,367.0,89.0,1.0,0.08784852417602738,1.9403324454920083,0.44211635544385774,1.4985034249038642
334.0,97.0,1.0,336.0,170.0,1.0,278.0,173.0,1.0,249.0,283.0,1.0,276.0,215.0,1.0,394.0,153.0,1.0,392.0,197.0,1.0,346.0,147.0,1.0,331.0,406.0,1.0,285.0,401.0,1.0,377.0,406.0,1.0,317.0,84.0,1.0,347.0,81.0,1.0,301.0,92.0,1.0,364.0,89.0,1.0,0.12019716926197757,1.8802455535116231,0.7891788637204368,1.2402553122007234
333.0,99.0,1.0,334.0,167.0,1.0,279.0,175.0,1.0,249.0,284.0,1.0,276.0,216.0,1.0,392.0,153.0,1.0,387.0,193.0,1.0,350.0,158.0,1.0,331.0,406.0,1.0,286.0,405.0,1.0,377.0,406.0,1.0,316.0,86.0,1.0,346.0,83.0,1.0,300.0,94.0,1.0,363.0,91.0,1.0,0.10938888097739283,1.983817335688421,0.9375237945376308,1.209592571301215
332.0,100.0,1.0,335.0,170.0,1.0,278.0,175.0,1.0,247.0,285.0,1.0,275.0,215.0,1.0,392.0,155.0,1.0,388.0,196.0,1.0,349.0,161.0,1.0,331.0,408.0,1.0,286.0,406.0,1.0,378.0,407.0,1.0,315.0,87.0,1.0,345.0,84.0,1.0,299.0,95.0,1.0,362.0,92.0,1.0,0.10581247171125663,1.9329855729983971,0.9366528620249824,1.2162194135722422
332.0,101.0,1.0,334.0,167.0,1.0,277.0,173.0,1.0,248.0,286.0,1.0,273.0,212.0,1.0,395.0,158.0,1.0,394.0,202.0,1.0,347.0,161.0,1.0,331.0,409.0,1.0,286.0,407.0,1.0,379.0,409.0,1.0,315.0,88.0,1.0,345.0,85.0,1.0,299.0,96.0,1.0,362.0,93.0,1.0,0.07458352678060565,1.9268888540171945,0.8761979824970889,1.4015887875596944
332.0,102.0,1.0,335.0,163.0,1.0,276.0,169.0,1.0,247.0,284.0,1.0,271.0,208.0,1.0,394.0,155.0,1.0,402.0,212.0,1.0,351.0,163.0,1.0,331.0,410.0,1.0,288.0,408.0,1.0,380.0,410.0,1.0,315.0,89.0,1.0,345.0,86.0,1.0,299.0,97.0,1.0,362.0,94.0,1.0,0.058855221353634087,1.9191664801117825,0.6659554402792611,1.5754650994085033
333.0,102.0,1.0,339.0,165.0,1.0,279.0,167.0,1.0,244.0,282.0,1.0,271.0,203.0,1.0,397.0,159.0,1.0,410.0,224.0,1.0,358.0,166.0,1.0,332.0,409.0,1.0,288.0,409.0,1.0,381.0,408.0,1.0,316.0,89.0,1.0,346.0,86.0,1.0,300.0,97.0,1.0,363.0,94.0,1.0,0.03388532990412362,1.8995581598168638,0.5335111473068362,1.6651102781220772
334.0,102.0,1.0,345.0,167.0,1.0,282.0,165.0,1.0,242.0,278.0,1.0,271.0,199.0,1.0,401.0,166.0,1.0,418.0,237.0,1.0,364.0,170.0,1.0,334.0,409.0,1.0,288.0,409.0,1.0,383.0,409.0,1.0,317.0,89.0,1.0,347.0,86.0,1.0,301.0,97.0,1.0,364.0,94.0,1.0,0.011598567801008774,1.879279064911122,0.44335847462741684,1.7879532973760013
335.0,101.0,1.0,338.0,167.0,1.0,274.0,169.0,1.0,242.0,270.0,1.0,275.0,189.0,1.0,404.0,170.0,1.0,425.0,250.0,1.0,372.0,177.0,1.0,334.0,408.0,1.0,287.0,407.0,1.0,384.0,409.0,1.0,318.0,88.0,1.0,348.0,85.0,1.0,302.0,97.0,1.0,365.0,93.0,1.0,0.08004942832447254,1.9088624496317221,0.3712729602374721,1.8729279366498592
336.0,100.0,1.0,338.0,168.0,1.0,272.0,167.0,1.0,245.0,259.0,1.0,283.0,178.0,1.0,404.0,167.0,1.0,429.0,259.0,1.0,380.0,187.0,1.0,336.0,407.0,1.0,289.0,407.0,1.0,383.0,408.0,1.0,319.0,87.0,1.0,349.0,84.0,1.0,303.0,96.0,1.0,366.0,92.0,1.0,0.15318995511514044,1.8411088311868717,0.3322243667761801,1.8209780571291116
337.0,99.0,1.0,341.0,167.0,1.0,270.0,167.0,1.0,252.0,245.0,1.0,294.0,167.0,1.0,405.0,170.0,1.0,432.0,266.0,1.0,388.0,197.0,1.0,336.0,407.0,1.0,289.0,408.0,1.0,384.0,407.0,1.0,320.0,86.0,1.0,350.0,83.0,1.0,304.0,95.0,1.0,367.0,91.0,1.0,0.26714252086569584,1.7975951748487824,0.2934989732522213,1.891804490830525
338.0,98.0,1.0,338.0,167.0,1.0,279.0,158.0,1.0,254.0,230.0,1.0,305.0,157.0,1.0,404.0,174.0,1.0,432.0,271.0,1.0,392.0,208.0,1.0,335.0,407.0,1.0,291.0,407.0,1.0,384.0,406.0,1.0,321.0,86.0,1.0,351.0,82.0,1.0,305.0,95.0,1.0,368.0,90.0,1.0,0.27560795718176473,1.7536189273263736,0.28468072793160104,1.9574826496193292
339.0,98.0,1.0,338.0,166.0,1.0,274.0,157.0,1.0,270.0,213.0,1.0,319.0,152.0,1.0,396.0,169.0,1.0,430.0,277.0,1.0,391.0,215.0,1.0,335.0,406.0,1.0,293.0,406.0,1.0,384.0,405.0,1.0,322.0,86.0,1.0,350.0,84.0,1.0,306.0,95.0,1.0,369.0,90.0,1.0,0.6054294827715702,1.5023949172910234,0.2565013164526945,1.9274667580917313
340.0,98.0,1.0,338.0,165.0,1.0,281.0,151.0,1.0,285.0,199.0,1.0,329.0,152.0,1.0,396.0,172.0,1.0,428.0,279.0,1.0,393.0,220.0,1.0,336.0,405.0,1.0,295.0,403.0,1.0,383.0,404.0,1.0,323.0,86.0,1.0,351.0,84.0,1.0,307.0,95.0,1.0,370.0,90.0,1.0,0.8355842976715915,1.2468086396650437,0.24482038018159105,1.9815042241168448
341.0,99.0,1.0,341.0,165.0,1.0,280.0,151.0,1.0,290.0,185.0,1.0,333.0,157.0,1.0,394.0,169.0,1.0,427.0,280.0,1.0,391.0,221.0,1.0,336.0,401.0,1.0,295.0,400.0,1.0,381.0,400.0,1.0,324.0,86.0,1.0,352.0,85.0,1.0,308.0,95.0,1.0,371.0,90.0,1.0,1.2796555546387538,1.0591436412415542,0.2588881215092694,1.9351006276158031
342.0,100.0,1.0,338.0,167.0,1.0,283.0,150.0,1.0,299.0,182.0,1.0,340.0,153.0,1.0,394.0,171.0,1.0,427.0,280.0,1.0,390.0,219.0,1.0,336.0,402.0,1.0,295.0,401.0,1.0,381.0,400.0,1.0,325.0,87.0,1.0,353.0,86.0,1.0,309.0,95.0,1.0,372.0,91.0,1.0,1.4188240463665929,0.807372647694111,0.251247237734054,1.9360837093834082
343.0,101.0,1.0,338.0,171.0,1.0,283.0,152.0,1.0,300.0,183.0,1.0,337.0,159.0,1.0,392.0,175.0,1.0,427.0,280.0,1.0,390.0,214.0,1.0,336.0,403.0,1.0,295.0,401.0,1.0,381.0,401.0,1.0,326.0,88.0,1.0,354.0,87.0,1.0,310.0,96.0,1.0,373.0,92.0,1.0,1.4969757304487321,0.7365725810318638,0.18919902209996817,1.9664859188494792
344.0,102.0,1.0,340.0,169.0,1.0,281.0,157.0,1.0,295.0,191.0,1.0,338.0,161.0,1.0,394.0,170.0,1.0,428.0,279.0,1.0,391.0,204.0,1.0,336.0,404.0,1.0,295.0,401.0,1.0,380.0,404.0,1.0,327.0,89.0,1.0,355.0,88.0,1.0,311.0,97.0,1.0,374.0,93.0,1.0,1.352239904831811,0.9795364057773231,0.15593766400885223,1.891675131245709
344.0,103.0,1.0,341.0,169.0,1.0,282.0,153.0,1.0,286.0,205.0,1.0,330.0,169.0,1.0,394.0,166.0,1.0,431.0,277.0,1.0,393.0,196.0,1.0,336.0,404.0,1.0,295.0,401.0,1.0,380.0,405.0,1.0,327.0,90.0,1.0,355.0,89.0,1.0,311.0,97.0,1.0,374.0,94.0,1.0,0.9618387071583885,1.2292071056193297,0.11690226098524409,1.8360034442467215
344.0,103.0,1.0,337.0,168.0,1.0,278.0,158.0,1.0,277.0,222.0,1.0,325.0,174.0,1.0,396.0,169.0,1.0,432.0,273.0,1.0,394.0,186.0,1.0,334.0,406.0,1.0,293.0,404.0,1.0,380.0,406.0,1.0,327.0,90.0,1.0,355.0,89.0,1.0,311.0,97.0,1.0,374.0,94.0,1.0,0.7697744347769714,1.4185241321649988,0.07856300425004326,1.9209881577129744
344.0,103.0,1.0,342.0,167.0,1.0,280.0,159.0,1.0,265.0,239.0,1.0,314.0,182.0,1.0,402.0,169.0,1.0,431.0,266.0,1.0,392.0,179.0,1.0,332.0,406.0,1.0,291.0,404.0,1.0,380.0,406.0,1.0,327.0,90.0,1.0,355.0,89.0,1.0,311.0,97.0,1.0,374.0,94.0,1.0,0.5247213225734134,1.6278210491047966,0.13090848592143198,1.8946280436395178
344.0,102.0,1.0,342.0,165.0,1.0,278.0,166.0,1.0,258.0,258.0,1.0,301.0,192.0,1.0,404.0,167.0,1.0,427.0,258.0,1.0,387.0,167.0,1.0,330.0,406.0,1.0,289.0,404.0,1.0,379.0,406.0,1.0,327.0,89.0,1.0,355.0,88.0,1.0,311.0,96.0,1.0,374.0,93.0,1.0,0.36337893258069287,1.800480738979195,0.16657591377219164,1.8506058459341703
345.0,101.0,1.0,342.0,165.0,1.0,278.0,163.0,1.0,254.0,268.0,1.0,292.0,201.0,1.0,403.0,165.0,1.0,420.0,249.0,1.0,380.0,157.0,1.0,330.0,404.0,1.0,288.0,403.0,1.0,378.0,406.0,1.0,328.0,88.0,1.0,356.0,87.0,1.0,311.0,95.0,1.0,374.0,92.0,1.0,0.29121434505064225,1.764267661779271,0.2104434551663903,1.770480212169998
345.0,100.0,1.0,342.0,167.0,1.0,274.0,169.0,1.0,250.0,276.0,1.0,284.0,212.0,1.0,404.0,167.0,1.0,410.0,236.0,1.0,369.0,151.0,1.0,330.0,403.0,1.0,287.0,402.0,1.0,376.0,405.0,1.0,328.0,87.0,1.0,357.0,86.0,1.0,311.0,94.0,1.0,374.0,91.0,1.0,0.2676867683960612,1.8208467976592453,0.3626922187953317,1.6575346654708818
345.0,100.0,1.0,339.0,167.0,1.0,278.0,167.0,1.0,249.0,280.0,1.0,280.0,219.0,1.0,402.0,165.0,1.0,397.0,221.0,1.0,361.0,149.0,1.0,330.0,400.0,1.0,288.0,400.0,1.0,376.0,401.0,1.0,328.0,87.0,1.0,357.0,86.0,1.0,311.0,93.0,1.0,374.0,91.0,1.0,0.21896787515467322,1.8220119152869605,0.5526971916353037,1.4500113706319409
345.0,101.0,1.0,342.0,167.0,1.0,277.0,171.0,1.0,249.0,281.0,1.0,278.0,223.0,1.0,404.0,159.0,1.0,386.0,207.0,1.0,355.0,155.0,1.0,330.0,402.0,1.0,287.0,399.0,1.0,376.0,402.0,1.0,328.0,87.0,1.0,357.0,86.0,1.0,311.0,93.0,1.0,374.0,91.0,1.0,0.21439546761559264,1.8815094240628762,0.8963573169293186,1.0837024288385295
345.0,102.0,1.0,342.0,167.0,1.0,278.0,171.0,1.0,249.0,281.0,1.0,277.0,223.0,1.0,400.0,154.0,1.0,377.0,197.0,1.0,346.0,165.0,1.0,329.0,402.0,1.0,287.0,399.0,1.0,376.0,403.0,1.0,328.0,87.0,1.0,357.0,87.0,1.0,310.0,93.0,1.0,374.0,92.0,1.0,0.19198847083554219,1.8909862790251504,1.2606900786919186,0.8591389671419645
344.0,102.0,1.0,342.0,167.0,1.0,280.0,170.0,1.0,247.0,281.0,1.0,277.0,220.0,1.0,400.0,153.0,1.0,386.0,185.0,1.0,347.0,173.0,1.0,330.0,404.0,1.0,287.0,399.0,1.0,377.0,405.0,1.0,327.0,87.0,1.0,356.0,87.0,1.0,309.0,93.0,1.0,373.0,92.0,1.0,0.16809334655522365,1.9081211234393658,1.6847078368061046,0.921537124250589
343.0,102.0,1.0,340.0,171.0,1.0,280.0,167.0,1.0,247.0,281.0,1.0,274.0,215.0,1.0,400.0,155.0,1.0,387.0,193.0,1.0,345.0,173.0,1.0,329.0,405.0,1.0,287.0,400.0,1.0,377.0,406.0,1.0,326.0,87.0,1.0,355.0,87.0,1.0,308.0,93.0,1.0,374.0,91.0,1.0,0.10654685089911226,1.786000030292425,1.4560015243145406,0.9805695276268129
342.0,102.0,1.0,341.0,169.0,1.0,282.0,165.0,1.0,245.0,281.0,1.0,270.0,211.0,1.0,400.0,157.0,1.0,392.0,209.0,1.0,343.0,174.0,1.0,329.0,406.0,1.0,287.0,401.0,1.0,378.0,408.0,1.0,325.0,87.0,1.0,354.0,87.0,1.0,307.0,93.0,1.0,373.0,91.0,1.0,0.03425966894423281,1.8118675755773976,1.1031961692073404,1.217494121079745
341.0,102.0,1.0,344.0,169.0,1.0,282.0,169.0,1.0,242.0,278.0,1.0,268.0,203.0,1.0,402.0,155.0,1.0,398.0,226.0,1.0,348.0,175.0,1.0,329.0,407.0,1.0,287.0,401.0,1.0,379.0,410.0,1.0,324.0,87.0,1.0,353.0,86.0,1.0,307.0,93.0,1.0,373.0,90.0,1.0,0.018012159238444805,1.9225106625708963,0.8317760330982218,1.2776690295592144
341.0,102.0,1.0,347.0,168.0,1.0,283.0,164.0,1.0,239.0,272.0,1.0,268.0,193.0,1.0,407.0,163.0,1.0,406.0,240.0,1.0,356.0,179.0,1.0,330.0,408.0,1.0,287.0,402.0,1.0,380.0,410.0,1.0,323.0,87.0,1.0,352.0,85.0,1.0,307.0,93.0,1.0,373.0,90.0,1.0,0.03505903828533933,1.8952532345299673,0.6996078542499583,1.474668811986283
341.0,101.0,1.0,347.0,166.0,1.0,283.0,162.0,1.0,239.0,263.0,1.0,274.0,182.0,1.0,402.0,167.0,1.0,414.0,252.0,1.0,363.0,183.0,1.0,333.0,408.0,1.0,287.0,403.0,1.0,382.0,410.0,1.0,323.0,87.0,1.0,351.0,84.0,1.0,307.0,93.0,1.0,373.0,89.0,1.0,0.002983223327845555,1.9192287081007247,0.49625860615134565,1.72922575150448
340.0,100.0,1.0,346.0,166.0,1.0,276.0,161.0,1.0,244.0,251.0,1.0,282.0,171.0,1.0,405.0,170.0,1.0,420.0,261.0,1.0,374.0,193.0,1.0,336.0,408.0,1.0,288.0,403.0,1.0,383.0,409.0,1.0,322.0,87.0,1.0,350.0,83.0,1.0,307.0,93.0,1.0,373.0,88.0,1.0,0.10183284577192983,1.8411043526574136,0.43139310937507713,1.8018554975971413
339.0,100.0,1.0,347.0,169.0,1.0,276.0,159.0,1.0,251.0,235.0,1.0,293.0,162.0,1.0,407.0,172.0,1.0,424.0,266.0,1.0,379.0,200.0,1.0,336.0,408.0,1.0,290.0,403.0,1.0,384.0,408.0,1.0,321.0,87.0,1.0,349.0,83.0,1.0,307.0,93.0,1.0,372.0,88.0,1.0,0.20429360801839538,1.7486696620306708,0.4195017230004435,1.7996718929949334
338.0,100.0,1.0,340.0,165.0,1.0,276.0,155.0,1.0,261.0,217.0,1.0,304.0,157.0,1.0,406.0,173.0,1.0,425.0,274.0,1.0,388.0,209.0,1.0,335.0,407.0,1.0,292.0,403.0,1.0,384.0,407.0,1.0,320.0,88.0,1.0,348.0,83.0,1.0,306.0,94.0,1.0,371.0,88.0,1.0,0.38445004085741924,1.6531738318441265,0.33154206241839773,1.87736567393071
337.0,103.0,1.0,341.0,166.0,1.0,276.0,161.0,1.0,272.0,203.0,1.0,311.0,156.0,1.0,400.0,169.0,1.0,425.0,278.0,1.0,387.0,210.0,1.0,336.0,407.0,1.0,290.0,403.0,1.0,384.0,407.0,1.0,319.0,89.0,1.0,347.0,84.0,1.0,305.0,95.0,1.0,370.0,89.0,1.0,0.5976901368665481,1.588976141867875,0.2841338985258662,1.8470583971361783
336.0,105.0,1.0,334.0,167.0,1.0,276.0,165.0,1.0,281.0,197.0,1.0,310.0,161.0,1.0,399.0,171.0,1.0,425.0,277.0,1.0,384.0,204.0,1.0,336.0,408.0,1.0,289.0,404.0,1.0,383.0,408.0,1.0,318.0,90.0,1.0,346.0,85.0,1.0,304.0,96.0,1.0,369.0,90.0,1.0,0.8331160496729864,1.3813304838714475,0.2712045943694534,1.8727915306235672
334.0,104.0,1.0,334.0,171.0,1.0,278.0,165.0,1.0,284.0,202.0,1.0,305.0,173.0,1.0,394.0,169.0,1.0,426.0,275.0,1.0,383.0,197.0,1.0,336.0,409.0,1.0,288.0,405.0,1.0,383.0,409.0,1.0,317.0,91.0,1.0,345.0,86.0,1.0,303.0,97.0,1.0,368.0,90.0,1.0,0.7875056418368818,1.3032979135199263,0.21064008188340738,1.8306622274745317
333.0,104.0,1.0,336.0,168.0,1.0,274.0,159.0,1.0,281.0,218.0,1.0,300.0,183.0,1.0,398.0,166.0,1.0,427.0,270.0,1.0,383.0,187.0,1.0,336.0,409.0,1.0,288.0,405.0,1.0,384.0,409.0,1.0,316.0,91.0,1.0,344.0,86.0,1.0,302.0,97.0,1.0,367.0,90.0,1.0,0.6154347447659165,1.3085499112626484,0.21551421353138012,1.8104878660141386
332.0,104.0,1.0,336.0,167.0,1.0,273.0,168.0,1.0,275.0,237.0,1.0,299.0,191.0,1.0,398.0,166.0,1.0,427.0,264.0,1.0,381.0,176.0,1.0,336.0,409.0,1.0,288.0,405.0,1.0,384.0,409.0,1.0,315.0,90.0,1.0,343.0,85.0,1.0,301.0,97.0,1.0,366.0,89.0,1.0,0.5098646740468972,1.5576906159351254,0.19395569400658305,1.8423766764995386
331.0,103.0,1.0,328.0,167.0,1.0,268.0,167.0,1.0,268.0,258.0,1.0,294.0,204.0,1.0,396.0,164.0,1.0,425.0,253.0,1.0,376.0,166.0,1.0,334.0,408.0,1.0,290.0,405.0,1.0,384.0,409.0,1.0,314.0,89.0,1.0,342.0,84.0,1.0,300.0,96.0,1.0,365.0,88.0,1.0,0.4487233440107212,1.5707963267948966,0.19794111353279883,1.8417011698576817
330.0,99.0,1.0,330.0,167.0,1.0,266.0,169.0,1.0,263.0,271.0,1.0,292.0,220.0,1.0,396.0,165.0,1.0,418.0,241.0,1.0,366.0,157.0,1.0,333.0,405.0,1.0,291.0,401.0,1.0,382.0,406.0,1.0,312.0,88.0,1.0,340.0,83.0,1.0,298.0,95.0,1.0,363.0,87.0,1.0,0.48762866428753626,1.63143944842917,0.27253562892819877,1.8222744341494737
328.0,98.0,1.0,330.0,167.0,1.0,265.0,172.0,1.0,259.0,280.0,1.0,287.0,237.0,1.0,390.0,155.0,1.0,409.0,227.0,1.0,354.0,152.0,1.0,332.0,402.0,1.0,290.0,400.0,1.0,380.0,401.0,1.0,310.0,87.0,1.0,338.0,82.0,1.0,296.0,94.0,1.0,361.0,87.0,1.0,0.5216937086277439,1.7030667233103916,0.37474159313822814,1.631408008808971
325.0,99.0,1.0,328.0,167.0,1.0,268.0,171.0,1.0,256.0,285.0,1.0,282.0,246.0,1.0,392.0,153.0,1.0,397.0,213.0,1.0,346.0,152.0,1.0,331.0,400.0,1.0,291.0,398.0,1.0,378.0,399.0,1.0,307.0,87.0,1.0,335.0,82.0,1.0,293.0,94.0,1.0,358.0,87.0,1.0,0.48312566481733354,1.7422414293009543,0.6132073488745093,1.4385798589855998
322.0,100.0,1.0,326.0,171.0,1.0,266.0,175.0,1.0,253.0,286.0,1.0,277.0,249.0,1.0,384.0,149.0,1.0,385.0,203.0,1.0,338.0,153.0,1.0,328.0,401.0,1.0,291.0,398.0,1.0,376.0,399.0,1.0,304.0,88.0,1.0,332.0,83.0,1.0,290.0,95.0,1.0,355.0,88.0,1.0,0.4588386450739689,1.753950496032036,0.7359637817663965,1.226768491598398
319.0,101.0,1.0,328.0,165.0,1.0,268.0,173.0,1.0,249.0,286.0,1.0,274.0,247.0,1.0,380.0,149.0,1.0,379.0,200.0,1.0,334.0,160.0,1.0,329.0,405.0,1.0,289.0,403.0,1.0,376.0,403.0,1.0,301.0,89.0,1.0,329.0,84.0,1.0,287.0,99.0,1.0,352.0,89.0,1.0,0.403457067039947,1.8699312557513341,0.8637593169703757,1.2526920643515127
317.0,102.0,1.0,326.0,168.0,1.0,266.0,176.0,1.0,245.0,287.0,1.0,268.0,237.0,1.0,378.0,152.0,1.0,381.0,204.0,1.0,332.0,164.0,1.0,327.0,406.0,1.0,287.0,407.0,1.0,377.0,406.0,1.0,299.0,89.0,1.0,327.0,85.0,1.0,285.0,100.0,1.0,350.0,90.0,1.0,0.24415947079987085,1.8903271290104817,0.8285507350046422,1.3299258226861914
315.0,102.0,1.0,326.0,169.0,1.0,267.0,172.0,1.0,241.0,286.0,1.0,261.0,227.0,1.0,380.0,157.0,1.0,388.0,217.0,1.0,328.0,167.0,1.0,326.0,408.0,1.0,285.0,409.0,1.0,376.0,407.0,1.0,298.0,89.0,1.0,326.0,85.0,1.0,283.0,100.0,1.0,349.0,90.0,1.0,0.1025919018208451,1.8458347819622143,0.7435065183015193,1.4846789132176286
315.0,102.0,1.0,328.0,171.0,1.0,268.0,175.0,1.0,233.0,284.0,1.0,256.0,215.0,1.0,380.0,153.0,1.0,396.0,232.0,1.0,329.0,173.0,1.0,326.0,408.0,1.0,283.0,410.0,1.0,377.0,408.0,1.0,298.0,89.0,1.0,326.0,85.0,1.0,283.0,99.0,1.0,348.0,90.0,1.0,0.011049274079366775,1.9480657708879938,0.6489764702912898,1.437380670756214
316.0,101.0,1.0,328.0,165.0,1.0,266.0,169.0,1.0,230.0,277.0,1.0,255.0,202.0,1.0,389.0,158.0,1.0,403.0,247.0,1.0,334.0,182.0,1.0,327.0,409.0,1.0,282.0,410.0,1.0,379.0,409.0,1.0,299.0,88.0,1.0,327.0,84.0,1.0,283.0,96.0,1.0,349.0,89.0,1.0,1.4901161193847656e-08,1.9569737206170923,0.6592152050635064,1.6125668418345085
317.0,96.0,1.0,328.0,166.0,1.0,266.0,167.0,1.0,227.0,268.0,1.0,258.0,189.0,1.0,386.0,157.0,1.0,410.0,257.0,1.0,340.0,190.0,1.0,329.0,409.0,1.0,282.0,409.0,1.0,379.0,408.0,1.0,301.0,86.0,1.0,329.0,82.0,1.0,285.0,95.0,1.0,351.0,88.0,1.0,0.0054418269962115485,1.9554240536260874,0.5717474937993634,1.65239664305741
319.0,95.0,1.0,328.0,170.0,1.0,262.0,167.0,1.0,230.0,255.0,1.0,265.0,179.0,1.0,390.0,163.0,1.0,414.0,265.0,1.0,351.0,204.0,1.0,332.0,407.0,1.0,282.0,409.0,1.0,380.0,406.0,1.0,303.0,85.0,1.0,331.0,81.0,1.0,288.0,92.0,1.0,353.0,87.0,1.0,0.08280204763960024,1.8741440509572267,0.5704351300451874,1.6894598631606035
322.0,94.0,1.0,328.0,167.0,1.0,262.0,165.0,1.0,237.0,241.0,1.0,278.0,168.0,1.0,393.0,167.0,1.0,417.0,269.0,1.0,357.0,214.0,1.0,333.0,406.0,1.0,283.0,407.0,1.0,381.0,405.0,1.0,306.0,84.0,1.0,334.0,80.0,1.0,291.0,91.0,1.0,355.0,86.0,1.0,0.19394083650546584,1.8583005726860136,0.5977583915930822,1.8018869939907938
325.0,94.0,1.0,330.0,169.0,1.0,266.0,157.0,1.0,249.0,222.0,1.0,291.0,160.0,1.0,395.0,170.0,1.0,420.0,272.0,1.0,361.0,222.0,1.0,334.0,405.0,1.0,285.0,404.0,1.0,380.0,405.0,1.0,309.0,84.0,1.0,337.0,80.0,1.0,294.0,91.0,1.0,358.0,86.0,1.0,0.3396013108633615,1.641256941414574,0.6274203356593314,1.8265394869052995
328.0,94.0,1.0,330.0,163.0,1.0,266.0,153.0,1.0,254.0,209.0,1.0,307.0,157.0,1.0,395.0,171.0,1.0,424.0,276.0,1.0,374.0,232.0,1.0,334.0,403.0,1.0,286.0,402.0,1.0,381.0,404.0,1.0,312.0,84.0,1.0,340.0,80.0,1.0,297.0,91.0,1.0,361.0,86.0,1.0,0.5838283517683145,1.6268929180937022,0.5796688259979719,1.9627300341444016
331.0,94.0,1.0,330.0,163.0,1.0,268.0,153.0,1.0,270.0,200.0,1.0,317.0,161.0,1.0,395.0,171.0,1.0,425.0,276.0,1.0,378.0,235.0,1.0,335.0,402.0,1.0,288.0,402.0,1.0,380.0,402.0,1.0,315.0,85.0,1.0,343.0,80.0,1.0,300.0,92.0,1.0,364.0,86.0,1.0,0.9206820182053762,1.3683556690168932,0.5751749626503366,1.9715570432173493
334.0,94.0,1.0,330.0,161.0,1.0,275.0,150.0,1.0,278.0,185.0,1.0,325.0,167.0,1.0,392.0,169.0,1.0,425.0,276.0,1.0,382.0,236.0,1.0,335.0,400.0,1.0,290.0,402.0,1.0,380.0,400.0,1.0,318.0,86.0,1.0,346.0,80.0,1.0,303.0,93.0,1.0,367.0,86.0,1.0,1.290554319210757,1.2878954732668113,0.5223714836002804,1.9982750847906348
337.0,95.0,1.0,331.0,166.0,1.0,280.0,151.0,1.0,284.0,175.0,1.0,332.0,167.0,1.0,393.0,173.0,1.0,425.0,276.0,1.0,386.0,236.0,1.0,337.0,400.0,1.0,292.0,402.0,1.0,381.0,401.0,1.0,321.0,87.0,1.0,349.0,81.0,1.0,306.0,94.0,1.0,370.0,87.0,1.0,1.5707963267948966,1.1195962076629515,0.4715150337010103,1.9844490354874726
340.0,95.0,1.0,332.0,161.0,1.0,283.0,151.0,1.0,293.0,173.0,1.0,332.0,173.0,1.0,394.0,173.0,1.0,425.0,276.0,1.0,390.0,235.0,1.0,337.0,398.0,1.0,294.0,399.0,1.0,380.0,399.0,1.0,324.0,88.0,1.0,352.0,82.0,1.0,309.0,94.0,1.0,373.0,87.0,1.0,1.9974238199217726,0.9428517252933798,0.41426693621566746,2.054328052584548
343.0,95.0,1.0,335.0,161.0,1.0,283.0,152.0,1.0,295.0,174.0,1.0,335.0,173.0,1.0,395.0,172.0,1.0,425.0,276.0,1.0,393.0,233.0,1.0,338.0,396.0,1.0,297.0,399.0,1.0,380.0,397.0,1.0,327.0,88.0,1.0,355.0,82.0,1.0,312.0,94.0,1.0,375.0,87.0,1.0,2.0451482548561066,0.9000704787252589,0.3589320582054229,2.0329538258175894
346.0,96.0,1.0,338.0,163.0,1.0,284.0,153.0,1.0,295.0,176.0,1.0,339.0,174.0,1.0,396.0,171.0,1.0,426.0,279.0,1.0,396.0,232.0,1.0,340.0,396.0,1.0,299.0,399.0,1.0,381.0,397.0,1.0,329.0,89.0,1.0,357.0,83.0,1.0,314.0,94.0,1.0,377.0,88.0,1.0,1.9714785963167232,0.941579960589009,0.29715788213600697,1.9788093514435048
348.0,96.0,1.0,341.0,162.0,1.0,284.0,154.0,1.0,294.0,181.0,1.0,340.0,175.0,1.0,396.0,171.0,1.0,426.0,279.0,1.0,397.0,232.0,1.0,341.0,396.0,1.0,300.0,399.0,1.0,382.0,397.0,1.0,331.0,89.0,1.0,359.0,83.0,1.0,316.0,94.0,1.0,378.0,88.0,1.0,1.7957994416499248,1.0766506176926187,0.281894371254119,2.0039420105966994
349.0,96.0,1.0,341.0,164.0,1.0,284.0,155.0,1.0,294.0,183.0,1.0,339.0,177.0,1.0,394.0,172.0,1.0,427.0,279.0,1.0,399.0,232.0,1.0,342.0,396.0,1.0,300.0,399.0,1.0,383.0,397.0,1.0,332.0,89.0,1.0,360.0,83.0,1.0,317.0,94.0,1.0,379.0,88.0,1.0,1.781268734918926,1.071170509392178,0.23812918399082814,2.0197643136777375
350.0,96.0,1.0,340.0,166.0,1.0,284.0,154.0,1.0,290.0,186.0,1.0,333.0,182.0,1.0,393.0,172.0,1.0,428.0,279.0,1.0,400.0,232.0,1.0,342.0,396.0,1.0,300.0,399.0,1.0,383.0,397.0,1.0,333.0,89.0,1.0,361.0,83.0,1.0,316.0,93.0,1.0,380.0,88.0,1.0,1.6633879566024476,1.1743550435764554,0.22115207832908493,1.999656574356961
350.0,96.0,1.0,340.0,167.0,1.0,283.0,154.0,1.0,292.0,197.0,1.0,329.0,186.0,1.0,392.0,173.0,1.0,429.0,279.0,1.0,401.0,233.0,1.0,342.0,396.0,1.0,298.0,398.0,1.0,384.0,397.0,1.0,333.0,89.0,1.0,361.0,83.0,1.0,317.0,93.0,1.0,380.0,88.0,1.0,1.4881448108320476,1.140237681656083,0.21095471066974456,2.021507062431298
350.0,95.0,1.0,343.0,169.0,1.0,282.0,155.0,1.0,288.0,205.0,1.0,325.0,191.0,1.0,400.0,173.0,1.0,433.0,281.0,1.0,402.0,234.0,1.0,342.0,396.0,1.0,297.0,398.0,1.0,384.0,397.0,1.0,333.0,88.0,1.0,361.0,82.0,1.0,317.0,92.0,1.0,380.0,87.0,1.0,1.3284960112933029,1.2257661569405343,0.286530725949444,1.9374027185030525
350.0,94.0,1.0,346.0,168.0,1.0,281.0,156.0,1.0,281.0,213.0,1.0,320.0,199.0,1.0,401.0,172.0,1.0,434.0,281.0,1.0,403.0,237.0,1.0,342.0,396.0,1.0,297.0,398.0,1.0,384.0,397.0,1.0,333.0,87.0,1.0,361.0,81.0,1.0,317.0,91.0,1.0,380.0,86.0,1.0,1.2261490111768705,1.3882364736639898,0.3197901772133473,1.9373756983286123
350.0,92.0,1.0,344.0,165.0,1.0,284.0,153.0,1.0,271.0,224.0,1.0,313.0,207.0,1.0,402.0,171.0,1.0,437.0,282.0,1.0,404.0,241.0,1.0,342.0,396.0,1.0,296.0,398.0,1.0,387.0,398.0,1.0,332.0,85.0,1.0,362.0,78.0,1.0,317.0,90.0,1.0,380.0,85.0,1.0,1.0050989554414644,1.5544934234762344,0.37226064148664734,1.979325586395577
350.0,90.0,1.0,343.0,164.0,1.0,281.0,156.0,1.0,264.0,237.0,1.0,310.0,220.0,1.0,403.0,170.0,1.0,437.0,283.0,1.0,407.0,250.0,1.0,341.0,396.0,1.0,296.0,398.0,1.0,388.0,398.0,1.0,332.0,83.0,1.0,361.0,76.0,1.0,316.0,89.0,1.0,379.0,83.0,1.0,1.0099249409832576,1.6493470480888448,0.44554657750916643,1.962733461897357
349.0,88.0,1.0,344.0,165.0,1.0,284.0,155.0,1.0,258.0,240.0,1.0,298.0,246.0,1.0,404.0,169.0,1.0,437.0,284.0,1.0,394.0,246.0,1.0,340.0,396.0,1.0,295.0,398.0,1.0,388.0,398.0,1.0,331.0,81.0,1.0,360.0,74.0,1.0,315.0,87.0,1.0,378.0,81.0,1.0,1.422841601027991,1.7024923227566728,0.5676005699103354,1.9168122546970925
348.0,86.0,1.0,343.0,164.0,1.0,281.0,158.0,1.0,253.0,252.0,1.0,289.0,268.0,1.0,405.0,168.0,1.0,443.0,270.0,1.0,404.0,266.0,1.0,342.0,397.0,1.0,294.0,398.0,1.0,388.0,398.0,1.0,330.0,79.0,1.0,359.0,72.0,1.0,314.0,86.0,1.0,377.0,79.0,1.0,1.6995169844127376,1.763826223573698,1.1119694727362113,1.9918433021718822
347.0,84.0,1.0,342.0,163.0,1.0,278.0,161.0,1.0,250.0,248.0,1.0,282.0,293.0,1.0,406.0,167.0,1.0,441.0,264.0,1.0,422.0,284.0,1.0,341.0,397.0,1.0,296.0,396.0,1.0,388.0,398.0,1.0,329.0,77.0,1.0,358.0,71.0,1.0,313.0,85.0,1.0,377.0,81.0,1.0,2.2120781232567044,1.8509267977625303,2.0355443912546445,1.9795006442502319
346.0,82.0,1.0,342.0,165.0,1.0,278.0,165.0,1.0,248.0,255.0,1.0,278.0,306.0,1.0,407.0,169.0,1.0,442.0,267.0,1.0,428.0,299.0,1.0,340.0,397.0,1.0,295.0,396.0,1.0,388.0,398.0,1.0,328.0,75.0,1.0,357.0,70.0,1.0,312.0,83.0,1.0,376.0,80.0,1.0,2.2881180319343457,1.892546881191539,2.3861582715717025,1.975281223098366
345.0,81.0,1.0,342.0,167.0,1.0,279.0,168.0,1.0,247.0,263.0,1.0,270.0,332.0,1.0,408.0,168.0,1.0,439.0,268.0,1.0,430.0,321.0,1.0,339.0,398.0,1.0,293.0,396.0,1.0,389.0,398.0,1.0,327.0,74.0,1.0,356.0,69.0,1.0,312.0,85.0,1.0,375.0,80.0,1.0,2.494936981128032,1.9115731278518056,2.672780211690312,1.8865523527120618
344.0,80.0,1.0,340.0,167.0,1.0,276.0,168.0,1.0,247.0,269.0,1.0,261.0,354.0,1.0,408.0,167.0,1.0,435.0,268.0,1.0,436.0,341.0,1.0,338.0,398.0,1.0,296.0,394.0,1.0,390.0,398.0,1.0,326.0,73.0,1.0,355.0,68.0,1.0,311.0,84.0,1.0,375.0,83.0,1.0,2.6987455230019113,1.8660269032184182,2.894071892348124,1.8320148614094318
344.0,82.0,1.0,338.0,167.0,1.0,276.0,169.0,1.0,249.0,272.0,1.0,250.0,362.0,1.0,407.0,165.0,1.0,432.0,270.0,1.0,442.0,360.0,1.0,339.0,402.0,1.0,296.0,402.0,1.0,392.0,402.0,1.0,325.0,72.0,1.0,354.0,67.0,1.0,310.0,83.0,1.0,374.0,83.0,1.0,2.874114307374386,1.8594109015479503,3.018506693894785,1.7755621138122366
343.0,82.0,1.0,340.0,168.0,1.0,274.0,170.0,1.0,250.0,276.0,1.0,244.0,373.0,1.0,407.0,165.0,1.0,431.0,271.0,1.0,448.0,377.0,1.0,340.0,400.0,1.0,295.0,399.0,1.0,393.0,401.0,1.0,324.0,71.0,1.0,353.0,67.0,1.0,309.0,83.0,1.0,373.0,83.0,1.0,2.9807086745137776,1.8237510273500366,3.077954892709688,1.748711035976646
342.0,82.0,1.0,339.0,168.0,1.0,272.0,170.0,1.0,250.0,279.0,1.0,240.0,379.0,1.0,407.0,165.0,1.0,430.0,272.0,1.0,453.0,376.0,1.0,339.0,400.0,1.0,294.0,399.0,1.0,392.0,403.0,1.0,323.0,71.0,1.0,352.0,67.0,1.0,308.0,83.0,1.0,372.0,83.0,1.0,3.0421020796293825,1.7997974379135795,3.135673532532055,1.7384387646261124
341.0,82.0,1.0,338.0,168.0,1.0,271.0,171.0,1.0,249.0,281.0,1.0,238.0,381.0,1.0,407.0,165.0,1.0,428.0,275.0,1.0,456.0,381.0,1.0,338.0,400.0,1.0,293.0,399.0,1.0,389.0,403.0,1.0,322.0,71.0,1.0,351.0,67.0,1.0,307.0,83.0,1.0,371.0,83.0,1.0,3.0537566205138567,1.812938118099393,3.071979650003256,1.7159846476278688
340.0,82.0,1.0,337.0,168.0,1.0,269.0,171.0,1.0,248.0,282.0,1.0,237.0,381.0,1.0,407.0,165.0,1.0,427.0,278.0,1.0,458.0,382.0,1.0,337.0,400.0,1.0,292.0,399.0,1.0,387.0,403.0,1.0,321.0,71.0,1.0,350.0,67.0,1.0,306.0,83.0,1.0,370.0,83.0,1.0,3.0652706048447778,1.8018646541118795,3.0270780768677943,1.703142388649331
336.0,82.0,1.0,336.0,168.0,1.0,267.0,172.0,1.0,249.0,281.0,1.0,237.0,381.0,1.0,407.0,165.0,1.0,428.0,278.0,1.0,459.0,381.0,1.0,336.0,400.0,1.0,291.0,399.0,1.0,386.0,403.0,1.0,320.0,71.0,1.0,348.0,69.0,1.0,305.0,83.0,1.0,369.0,83.0,1.0,3.097360996333175,1.7923631153179602,3.032989918136279,1.7123124554210174
335.0,82.0,1.0,335.0,168.0,1.0,266.0,173.0,1.0,247.0,281.0,1.0,237.0,381.0,1.0,407.0,165.0,1.0,428.0,275.0,1.0,459.0,380.0,1.0,335.0,400.0,1.0,290.0,399.0,1.0,386.0,401.0,1.0,319.0,71.0,1.0,347.0,69.0,1.0,304.0,83.0,1.0,368.0,83.0,1.0,3.0671173690415396,1.8172775943729094,3.0431495006271545,1.7177929639208114
334.0,82.0,1.0,334.0,168.0,1.0,267.0,173.0,1.0,246.0,281.0,1.0,236.0,381.0,1.0,406.0,165.0,1.0,429.0,275.0,1.0,458.0,379.0,1.0,334.0,400.0,1.0,290.0,399.0,1.0,385.0,401.0,1.0,318.0,71.0,1.0,346.0,69.0,1.0,303.0,83.0,1.0,367.0,83.0,1.0,3.049213288840226,1.8373331342495085,3.075775573810603,1.7352750895716154
333.0,83.0,1.0,333.0,168.0,1.0,267.0,173.0,1.0,245.0,281.0,1.0,236.0,381.0,1.0,406.0,165.0,1.0,430.0,275.0,1.0,457.0,379.0,1.0,333.0,400.0,1.0,289.0,399.0,1.0,385.0,401.0,1.0,317.0,71.0,1.0,345.0,69.0,1.0,302.0,83.0,1.0,366.0,83.0,1.0,3.0303965640916464,1.8473637337198234,3.1024002908648582,1.7445389486061011
332.0,84.0,1.0,332.0,168.0,1.0,267.0,172.0,1.0,244.0,281.0,1.0,236.0,381.0,1.0,406.0,165.0,1.0,430.0,275.0,1.0,456.0,379.0,1.0,333.0,400.0,1.0,289.0,399.0,1.0,384.0,401.0,1.0,316.0,72.0,1.0,344.0,70.0,1.0,302.0,84.0,1.0,366.0,83.0,1.0,3.0134640920490954,1.8402158299305966,3.1114293908645907,1.7450933747182082
332.0,85.0,1.0,332.0,168.0,1.0,267.0,173.0,1.0,244.0,281.0,1.0,235.0,381.0,1.0,406.0,165.0,1.0,429.0,275.0,1.0,455.0,381.0,1.0,333.0,400.0,1.0,289.0,399.0,1.0,384.0,401.0,1.0,316.0,73.0,1.0,344.0,71.0,1.0,302.0,85.0,1.0,366.0,83.0,1.0,3.0215225160200894,1.8573965298243302,3.1071797475191922,1.7363993161918567
332.0,86.0,1.0,332.0,168.0,1.0,267.0,173.0,1.0,244.0,281.0,1.0,235.0,381.0,1.0,406.0,165.0,1.0,428.0,276.0,1.0,454.0,382.0,1.0,333.0,400.0,1.0,287.0,399.0,1.0,384.0,401.0,1.0,316.0,74.0,1.0,344.0,72.0,1.0,302.0,85.0,1.0,366.0,83.0,1.0,3.0215225160200894,1.8573965298243302,3.09672086497594,1.7259404336486015
332.0,87.0,1.0,332.0,168.0,1.0,267.0,173.0,1.0,244.0,281.0,1.0,235.0,381.0,1.0,405.0,168.0,1.0,427.0,277.0,1.0,450.0,381.0,1.0,333.0,400.0,1.0,287.0,399.0,1.0,384.0,401.0,1.0,316.0,75.0,1.0,344.0,72.0,1.0,302.0,85.0,1.0,366.0,84.0,1.0,3.0215225160200894,1.8573965298243302,3.123101263754328,1.7699555532464701
332.0,87.0,1.0,332.0,168.0,1.0,267.0,173.0,1.0,244.0,281.0,1.0,235.0,381.0,1.0,405.0,169.0,1.0,426.0,278.0,1.0,448.0,381.0,1.0,333.0,403.0,1.0,287.0,399.0,1.0,383.0,404.0,1.0,316.0,75.0,1.0,344.0,72.0,1.0,302.0,85.0,1.0,366.0,84.0,1.0,3.0215225160200894,1.8573965298243302,3.1214909899352303,1.7748226398596696
332.0,87.0,1.0,332.0,168.0,1.0,267.0,173.0,1.0,244.0,281.0,1.0,235.0,381.0,1.0,405.0,169.0,1.0,425.0,279.0,1.0,446.0,380.0,1.0,333.0,403.0,1.0,287.0,399.0,1.0,383.0,404.0,1.0,316.0,75.0,1.0,344.0,72.0,1.0,302.0,85.0,1.0,366.0,84.0,1.0,3.0215225160200894,1.8573965298243302,3.1164461773787,1.7643475999602407
332.0,87.0,1.0,332.0,168.0,1.0,267.0,173.0,1.0,244.0,281.0,1.0,235.0,381.0,1.0,405.0,169.0,1.0,424.0,279.0,1.0,444.0,381.0,1.0,333.0,403.0,1.0,287.0,399.0,1.0,383.0,404.0,1.0,316.0,75.0,1.0,344.0,72.0,1.0,302.0,85.0,1.0,366.0,84.0,1.0,3.0215225160200894,1.8573965298243302,3.1190102862027773,1.7555337256366863
332.0,87.0,1.0,332.0,168.0,1.0,267.0,173.0,1.0,244.0,281.0,1.0,235.0,381.0,1.0,405.0,169.0,1.0,423.0,279.0,1.0,441.0,390.0,1.0,334.0,403.0,1.0,287.0,402.0,1.0,382.0,406.0,1.0,316.0,75.0,1.0,344.0,72.0,1.0,302.0,85.0,1.0,366.0,84.0,1.0,3.0215225160200894,1.8573965298243302,3.1401565607523207,1.7466929336311448
332.0,87.0,1.0,332.0,168.0,1.0,267.0,173.0,1.0,244.0,281.0,1.0,235.0,381.0,1.0,405.0,169.0,1.0,423.0,279.0,1.0,439.0,390.0,1.0,334.0,403.0,1.0,287.0,402.0,1.0,382.0,406.0,1.0,316.0,75.0,1.0,344.0,72.0,1.0,302.0,85.0,1.0,366.0,84.0,1.0,3.0215225160200894,1.8573965298243302,3.122551908110058,1.7466929336311448
332.0,87.0,1.0,332.0,168.0,1.0,267.0,173.0,1.0,244.0,281.0,1.0,235.0,381.0,1.0,405.0,169.0,1.0,423.0,279.0,1.0,438.0,389.0,1.0,334.0,403.0,1.0,287.0,402.0,1.0,382.0,406.0,1.0,316.0,75.0,1.0,344.0,72.0,1.0,302.0,85.0,1.0,366.0,84.0,1.0,3.0215225160200894,1.8573965298243302,3.114921534111906,1.7466929336311448
332.0,87.0,1.0,332.0,168.0,1.0,267.0,172.0,1.0,244.0,281.0,1.0,235.0,381.0,1.0,405.0,169.0,1.0,423.0,279.0,1.0,438.0,389.0,1.0,334.0,403.0,1.0,287.0,402.0,1.0,382.0,406.0,1.0,316.0,75.0,1.0,344.0,72.0,1.0,302.0,85.0,1.0,366.0,84.0,1.0,3.023392280526809,1.8402158299305966,3.114921534111906,1.7466929336311448
332.0,87.0,1.0,332.0,168.0,1.0,267.0,173.0,1.0,244.0,281.0,1.0,235.0,381.0,1.0,405.0,169.0,1.0,423.0,279.0,1.0,438.0,388.0,1.0,334.0,403.0,1.0,287.0,402.0,1.0,382.0,406.0,1.0,316.0,75.0,1.0,344.0,72.0,1.0,302.0,85.0,1.0,366.0,84.0,1.0,3.0215225160200894,1.8573965298243302,3.1161495318573107,1.7466929336311448
