332.0190124511719,151.12632751464844,0.9212720990180969,344.1055603027344,217.47564697265625,0.8952550888061523,281.8587951660156,217.50320434570312,0.8152911067008972,255.72323608398438,311.98468017578125,0.699353814125061,251.7512664794922,406.38165283203125,0.7023545503616333,402.39935302734375,217.4551544189453,0.7868460416793823,428.4986267089844,309.96209716796875,0.7895135283470154,426.4613342285156,390.3657531738281,0.8761599659919739,342.03662109375,408.390380859375,0.6012510061264038,297.9842529296875,406.4290466308594,0.5766722559928894,378.3150329589844,408.43304443359375,0.6135216355323792,324.00054931640625,137.11700439453125,0.9002119898796082,346.13653564453125,137.13018798828125,0.9664931893348694,309.9800109863281,149.22393798828125,0.8070055246353149,370.20953369140625,151.2328643798828,0.896061897277832,2.9137725418899634,1.8411116425262462,2.8412741074821035,1.845430447759627
332.0,151.0,1.0,345.0,218.0,1.0,282.0,218.0,1.0,256.0,312.0,1.0,253.0,406.0,1.0,403.0,217.0,1.0,429.0,310.0,1.0,427.0,391.0,1.0,342.0,408.0,1.0,299.0,406.0,1.0,379.0,408.0,1.0,324.0,137.0,1.0,346.0,137.0,1.0,310.0,150.0,1.0,370.0,151.0,1.0,2.903647562136346,1.8406454827333658,2.844296491553572,1.826166475580989
332.0,151.0,1.0,345.0,218.0,1.0,282.0,218.0,1.0,257.0,312.0,1.0,254.0,406.0,1.0,403.0,217.0,1.0,430.0,310.0,1.0,428.0,391.0,1.0,343.0,408.0,1.0,300.0,406.0,1.0,380.0,408.0,1.0,324.0,137.0,1.0,346.0,137.0,1.0,310.0,150.0,1.0,370.0,151.0,1.0,2.913556577886287,1.8307364669834247,2.834351359064607,1.8361116080699544
332.0,151.0,1.0,345.0,218.0,1.0,283.0,218.0,1.0,258.0,312.0,1.0,255.0,406.0,1.0,404.0,217.0,1.0,431.0,310.0,1.0,429.0,391.0,1.0,344.0,408.0,1.0,300.0,406.0,1.0,381.0,408.0,1.0,324.0,137.0,1.0,346.0,137.0,1.0,311.0,150.0,1.0,370.0,152.0,1.0,2.913556577886287,1.8307364669834247,2.834351359064607,1.8364037494580792
332.0,151.0,1.0,345.0,218.0,1.0,284.0,218.0,1.0,259.0,312.0,1.0,256.0,406.0,1.0,404.0,217.0,1.0,432.0,310.0,1.0,430.0,391.0,1.0,344.0,408.0,1.0,300.0,406.0,1.0,382.0,408.0,1.0,324.0,137.0,1.0,346.0,137.0,1.0,311.0,150.0,1.0,370.0,152.0,1.0,2.913556577886287,1.8307364669834247,2.824463324082157,1.8462917844405282
332.0,151.0,1.0,345.0,218.0,1.0,284.0,218.0,1.0,260.0,312.0,1.0,257.0,406.0,1.0,404.0,217.0,1.0,433.0,310.0,1.0,431.0,392.0,1.0,344.0,408.0,1.0,300.0,406.0,1.0,382.0,408.0,1.0,324.0,137.0,1.0,346.0,137.0,1.0,312.0,150.0,1.0,370.0,153.0,1.0,2.9235180966139924,1.8207749482557192,2.8149347458369607,1.8561212955686064
333.0,151.0,1.0,345.0,219.0,1.0,285.0,218.0,1.0,261.0,312.0,1.0,258.0,406.0,1.0,404.0,218.0,1.0,434.0,310.0,1.0,432.0,393.0,1.0,344.0,408.0,1.0,300.0,406.0,1.0,382.0,408.0,1.0,325.0,137.0,1.0,347.0,138.0,1.0,313.0,150.0,1.0,371.0,154.0,1.0,2.9235180966139924,1.8041098245417784,2.802286230414161,1.8690634967392028
334.0,152.0,1.0,346.0,220.0,1.0,286.0,218.0,1.0,261.0,312.0,1.0,259.0,407.0,1.0,405.0,219.0,1.0,435.0,311.0,1.0,433.0,394.0,1.0,344.0,408.0,1.0,303.0,405.0,1.0,382.0,408.0,1.0,326.0,138.0,1.0,348.0,139.0,1.0,314.0,151.0,1.0,372.0,155.0,1.0,2.9027020355383115,1.7974154711051775,2.802286230414161,1.8690634967392028
335.0,153.0,1.0,347.0,221.0,1.0,287.0,218.0,1.0,261.0,312.0,1.0,262.0,401.0,1.0,406.0,220.0,1.0,436.0,312.0,1.0,433.0,395.0,1.0,344.0,408.0,1.0,302.0,405.0,1.0,382.0,408.0,1.0,327.0,139.0,1.0,349.0,140.0,1.0,315.0,152.0,1.0,373.0,156.0,1.0,2.860508015393361,1.790687087011423,2.790249103326307,1.8690634967392028
336.0,154.0,1.0,348.0,222.0,1.0,288.0,218.0,1.0,261.0,311.0,1.0,264.0,392.0,1.0,407.0,221.0,1.0,437.0,313.0,1.0,433.0,396.0,1.0,344.0,408.0,1.0,304.0,406.0,1.0,382.0,408.0,1.0,328.0,140.0,1.0,350.0,141.0,1.0,316.0,153.0,1.0,374.0,157.0,1.0,2.8220175852462757,1.7867831154886602,2.778222440779167,1.8690634967392028
340.0,155.0,1.0,348.0,222.0,1.0,289.0,217.0,1.0,261.0,309.0,1.0,268.0,377.0,1.0,408.0,222.0,1.0,437.0,314.0,1.0,433.0,397.0,1.0,344.0,408.0,1.0,305.0,401.0,1.0,381.0,408.0,1.0,329.0,144.0,1.0,353.0,145.0,1.0,317.0,154.0,1.0,376.0,156.0,1.0,2.7435719640277783,1.7816934084256184,2.788078560441241,1.8761549068835335
341.0,156.0,1.0,348.0,222.0,1.0,291.0,218.0,1.0,252.0,306.0,1.0,273.0,360.0,1.0,408.0,222.0,1.0,437.0,314.0,1.0,432.0,397.0,1.0,345.0,408.0,1.0,306.0,400.0,1.0,380.0,408.0,1.0,330.0,145.0,1.0,354.0,146.0,1.0,317.0,154.0,1.0,376.0,156.0,1.0,2.353531887127328,1.9179052218062445,2.7760658223461467,1.8761549068835335
341.0,156.0,1.0,347.0,222.0,1.0,291.0,217.0,1.0,252.0,302.0,1.0,282.0,344.0,1.0,408.0,222.0,1.0,437.0,314.0,1.0,431.0,397.0,1.0,345.0,407.0,1.0,304.0,404.0,1.0,379.0,408.0,1.0,330.0,145.0,1.0,354.0,146.0,1.0,317.0,154.0,1.0,376.0,155.0,1.0,2.091175866256205,1.9119140455111656,2.7640704445414985,1.8761549068835335
341.0,156.0,1.0,346.0,221.0,1.0,291.0,215.0,1.0,253.0,295.0,1.0,283.0,314.0,1.0,407.0,221.0,1.0,436.0,313.0,1.0,430.0,396.0,1.0,346.0,406.0,1.0,304.0,403.0,1.0,378.0,408.0,1.0,330.0,145.0,1.0,354.0,146.0,1.0,317.0,153.0,1.0,376.0,154.0,1.0,1.6919173840432584,1.905583447374047,2.7640704445414985,1.8761549068835335
341.0,156.0,1.0,346.0,220.0,1.0,291.0,213.0,1.0,250.0,306.0,1.0,283.0,292.0,1.0,407.0,220.0,1.0,436.0,312.0,1.0,429.0,395.0,1.0,345.0,403.0,1.0,301.0,400.0,1.0,379.0,406.0,1.0,329.0,145.0,1.0,354.0,146.0,1.0,316.0,153.0,1.0,375.0,153.0,1.0,0.7543401922348162,1.8594315350701562,2.752095832969985,1.8761549068835335
341.0,155.0,1.0,346.0,220.0,1.0,291.0,215.0,1.0,251.0,298.0,1.0,285.0,275.0,1.0,406.0,220.0,1.0,436.0,311.0,1.0,427.0,393.0,1.0,344.0,403.0,1.0,300.0,399.0,1.0,378.0,406.0,1.0,328.0,145.0,1.0,353.0,145.0,1.0,315.0,153.0,1.0,374.0,152.0,1.0,0.5269515377034764,1.929221971202219,2.7138238833557384,1.8892465631410515
340.0,155.0,1.0,346.0,220.0,1.0,291.0,214.0,1.0,250.0,304.0,1.0,279.0,267.0,1.0,406.0,220.0,1.0,437.0,310.0,1.0,425.0,387.0,1.0,342.0,402.0,1.0,301.0,400.0,1.0,378.0,407.0,1.0,327.0,145.0,1.0,352.0,145.0,1.0,314.0,153.0,1.0,373.0,152.0,1.0,0.23731018180212035,1.8895994239695342,2.6552751063557434,1.9025133285977458
339.0,155.0,1.0,346.0,221.0,1.0,288.0,216.0,1.0,250.0,306.0,1.0,284.0,254.0,1.0,405.0,221.0,1.0,438.0,310.0,1.0,422.0,380.0,1.0,339.0,404.0,1.0,301.0,402.0,1.0,379.0,408.0,1.0,326.0,145.0,1.0,351.0,145.0,1.0,313.0,153.0,1.0,372.0,152.0,1.0,0.17955877536835635,1.8843175296000305,2.5618099349002614,1.925867877069786
339.0,155.0,1.0,346.0,222.0,1.0,287.0,216.0,1.0,252.0,310.0,1.0,286.0,259.0,1.0,404.0,222.0,1.0,437.0,303.0,1.0,418.0,367.0,1.0,337.0,406.0,1.0,300.0,403.0,1.0,378.0,407.0,1.0,325.0,145.0,1.0,350.0,146.0,1.0,312.0,153.0,1.0,371.0,153.0,1.0,0.2315656513273714,1.8258867757494253,2.466129573964688,1.9576720445259246
339.0,156.0,1.0,345.0,221.0,1.0,287.0,217.0,1.0,254.0,300.0,1.0,266.0,308.0,1.0,401.0,221.0,1.0,433.0,294.0,1.0,420.0,344.0,1.0,337.0,405.0,1.0,299.0,403.0,1.0,379.0,407.0,1.0,324.0,146.0,1.0,350.0,147.0,1.0,311.0,154.0,1.0,371.0,154.0,1.0,1.780371552313787,1.880367215522529,2.474095762758126,1.983925159073298
338.0,157.0,1.0,345.0,222.0,1.0,285.0,219.0,1.0,256.0,302.0,1.0,280.0,332.0,1.0,400.0,222.0,1.0,435.0,298.0,1.0,415.0,329.0,1.0,335.0,407.0,1.0,297.0,405.0,1.0,379.0,409.0,1.0,326.0,148.0,1.0,349.0,148.0,1.0,310.0,155.0,1.0,371.0,155.0,1.0,2.130713660580673,1.8569759818585219,2.1370534594775816,2.0023693780184018
337.0,158.0,1.0,341.0,222.0,1.0,283.0,221.0,1.0,258.0,302.0,1.0,278.0,362.0,1.0,397.0,221.0,1.0,435.0,298.0,1.0,407.0,313.0,1.0,333.0,408.0,1.0,298.0,405.0,1.0,377.0,407.0,1.0,325.0,149.0,1.0,348.0,149.0,1.0,309.0,156.0,1.0,370.0,155.0,1.0,2.5204758651357992,1.852922889657719,1.604166180021861,2.0113804044170784
336.0,158.0,1.0,337.0,221.0,1.0,282.0,222.0,1.0,257.0,314.0,1.0,276.0,394.0,1.0,396.0,220.0,1.0,428.0,312.0,1.0,392.0,278.0,1.0,332.0,408.0,1.0,294.0,402.0,1.0,375.0,408.0,1.0,324.0,149.0,1.0,347.0,149.0,1.0,308.0,156.0,1.0,369.0,155.0,1.0,2.643080766733992,1.8543082280768597,0.47922498391939355,1.8885856343053065
335.0,157.0,1.0,335.0,221.0,1.0,280.0,222.0,1.0,251.0,319.0,1.0,276.0,403.0,1.0,394.0,219.0,1.0,424.0,308.0,1.0,386.0,259.0,1.0,331.0,408.0,1.0,291.0,402.0,1.0,372.0,409.0,1.0,323.0,148.0,1.0,346.0,148.0,1.0,307.0,155.0,1.0,368.0,153.0,1.0,2.5618109270142773,1.8794868628342487,0.33451119759677056,1.8620285419309288
334.0,156.0,1.0,333.0,220.0,1.0,278.0,221.0,1.0,249.0,317.0,1.0,276.0,404.0,1.0,392.0,216.0,1.0,423.0,309.0,1.0,383.0,250.0,1.0,330.0,409.0,1.0,288.0,404.0,1.0,368.0,410.0,1.0,322.0,147.0,1.0,345.0,146.0,1.0,306.0,153.0,1.0,367.0,152.0,1.0,2.5473054073996586,1.8823431536975845,0.2740339932264164,1.8248538584975702
332.0,155.0,1.0,331.0,218.0,1.0,276.0,220.0,1.0,246.0,315.0,1.0,266.0,388.0,1.0,389.0,213.0,1.0,420.0,308.0,1.0,378.0,254.0,1.0,328.0,407.0,1.0,288.0,403.0,1.0,364.0,409.0,1.0,321.0,146.0,1.0,344.0,145.0,1.0,303.0,152.0,1.0,366.0,151.0,1.0,2.5683029850010675,1.9130228192187695,0.34562164387024685,1.8002235605810963
330.0,153.0,1.0,328.0,217.0,1.0,272.0,218.0,1.0,242.0,313.0,1.0,264.0,380.0,1.0,387.0,215.0,1.0,421.0,300.0,1.0,380.0,284.0,1.0,328.0,398.0,1.0,287.0,397.0,1.0,362.0,400.0,1.0,318.0,142.0,1.0,343.0,143.0,1.0,301.0,150.0,1.0,365.0,149.0,1.0,2.518447502663115,1.8945304433393013,0.8182221908244113,1.917417374003144
328.0,152.0,1.0,326.0,217.0,1.0,269.0,217.0,1.0,239.0,311.0,1.0,264.0,375.0,1.0,385.0,216.0,1.0,412.0,298.0,1.0,375.0,301.0,1.0,326.0,402.0,1.0,282.0,400.0,1.0,363.0,403.0,1.0,316.0,141.0,1.0,342.0,142.0,1.0,299.0,149.0,1.0,364.0,148.0,1.0,2.4602634629892974,1.8797270707186382,1.3336128588337197,1.8719363641048992
327.0,152.0,1.0,324.0,217.0,1.0,268.0,216.0,1.0,236.0,308.0,1.0,263.0,363.0,1.0,387.0,218.0,1.0,408.0,296.0,1.0,379.0,334.0,1.0,321.0,400.0,1.0,283.0,396.0,1.0,362.0,404.0,1.0,315.0,141.0,1.0,341.0,142.0,1.0,298.0,149.0,1.0,363.0,147.0,1.0,2.3505073477158698,1.8876779189721589,2.226728807603297,1.8496627414676061
326.0,152.0,1.0,322.0,217.0,1.0,267.0,215.0,1.0,233.0,298.0,1.0,263.0,347.0,1.0,385.0,219.0,1.0,404.0,298.0,1.0,362.0,378.0,1.0,317.0,402.0,1.0,278.0,402.0,1.0,356.0,402.0,1.0,314.0,141.0,1.0,340.0,142.0,1.0,297.0,149.0,1.0,362.0,147.0,1.0,2.203430407528203,1.9232364670659152,2.4221219733966968,1.838555378949252
324.0,151.0,1.0,319.0,217.0,1.0,265.0,214.0,1.0,230.0,308.0,1.0,270.0,332.0,1.0,382.0,220.0,1.0,401.0,312.0,1.0,366.0,391.0,1.0,314.0,402.0,1.0,270.0,398.0,1.0,352.0,398.0,1.0,312.0,140.0,1.0,339.0,142.0,1.0,295.0,148.0,1.0,361.0,147.0,1.0,1.7547788748452844,1.8717347737693761,2.52088488562376,1.8220379560494282
322.0,150.0,1.0,319.0,217.0,1.0,263.0,213.0,1.0,226.0,303.0,1.0,282.0,312.0,1.0,381.0,221.0,1.0,402.0,319.0,1.0,372.0,395.0,1.0,312.0,407.0,1.0,266.0,408.0,1.0,350.0,410.0,1.0,310.0,139.0,1.0,337.0,141.0,1.0,293.0,147.0,1.0,360.0,149.0,1.0,1.340099895435364,1.889536934273056,2.5545383664957413,1.8463164994431966
320.0,149.0,1.0,318.0,217.0,1.0,261.0,211.0,1.0,220.0,310.0,1.0,268.0,280.0,1.0,380.0,221.0,1.0,406.0,317.0,1.0,373.0,395.0,1.0,310.0,408.0,1.0,265.0,409.0,1.0,350.0,410.0,1.0,308.0,138.0,1.0,335.0,140.0,1.0,291.0,146.0,1.0,359.0,148.0,1.0,0.6195595136912072,1.8585568858247896,2.4768636140065867,1.8997115487696827
318.0,148.0,1.0,318.0,216.0,1.0,259.0,210.0,1.0,218.0,308.0,1.0,268.0,260.0,1.0,380.0,222.0,1.0,409.0,316.0,1.0,374.0,393.0,1.0,308.0,408.0,1.0,266.0,410.0,1.0,349.0,410.0,1.0,306.0,137.0,1.0,333.0,139.0,1.0,291.0,143.0,1.0,357.0,147.0,1.0,0.40956414947346226,1.8656891681397527,2.4157188448604408,1.96651641757996
317.0,148.0,1.0,318.0,216.0,1.0,255.0,213.0,1.0,217.0,310.0,1.0,264.0,262.0,1.0,380.0,221.0,1.0,412.0,314.0,1.0,374.0,388.0,1.0,308.0,407.0,1.0,266.0,407.0,1.0,347.0,410.0,1.0,305.0,137.0,1.0,331.0,139.0,1.0,289.0,143.0,1.0,355.0,146.0,1.0,0.40149586320551806,1.896589596678118,2.335796213333566,1.982663895524677
315.0,148.0,1.0,318.0,216.0,1.0,253.0,213.0,1.0,217.0,313.0,1.0,263.0,266.0,1.0,379.0,220.0,1.0,410.0,312.0,1.0,373.0,378.0,1.0,306.0,406.0,1.0,265.0,405.0,1.0,342.0,405.0,1.0,303.0,137.0,1.0,329.0,139.0,1.0,287.0,143.0,1.0,351.0,147.0,1.0,0.429090309024635,1.8702307913620975,2.3056352052265345,1.9612842235850094
314.0,148.0,1.0,318.0,216.0,1.0,253.0,215.0,1.0,218.0,312.0,1.0,236.0,312.0,1.0,378.0,220.0,1.0,407.0,307.0,1.0,384.0,346.0,1.0,304.0,404.0,1.0,264.0,396.0,1.0,344.0,404.0,1.0,301.0,137.0,1.0,327.0,139.0,1.0,285.0,144.0,1.0,349.0,147.0,1.0,1.2245108193355188,1.9016984324736794,2.286998211573762,1.9591150449673627
313.0,148.0,1.0,317.0,216.0,1.0,251.0,217.0,1.0,222.0,306.0,1.0,250.0,342.0,1.0,377.0,219.0,1.0,406.0,297.0,1.0,383.0,331.0,1.0,306.0,407.0,1.0,264.0,408.0,1.0,348.0,408.0,1.0,300.0,137.0,1.0,326.0,139.0,1.0,284.0,144.0,1.0,348.0,147.0,1.0,2.1655555842782497,1.9009405831305233,2.190875657938455,1.9767124606848248
312.0,148.0,1.0,316.0,216.0,1.0,250.0,218.0,1.0,224.0,306.0,1.0,246.0,368.0,1.0,376.0,218.0,1.0,408.0,300.0,1.0,384.0,315.0,1.0,309.0,405.0,1.0,270.0,407.0,1.0,350.0,405.0,1.0,299.0,138.0,1.0,325.0,139.0,1.0,283.0,144.0,1.0,347.0,147.0,1.0,2.5133322466963097,1.8883715401108059,1.7573278832803385,1.9761850815312643
311.0,148.0,1.0,316.0,216.0,1.0,249.0,218.0,1.0,224.0,312.0,1.0,246.0,409.0,1.0,375.0,216.0,1.0,408.0,310.0,1.0,374.0,304.0,1.0,309.0,405.0,1.0,266.0,404.0,1.0,349.0,405.0,1.0,298.0,138.0,1.0,324.0,139.0,1.0,282.0,144.0,1.0,346.0,147.0,1.0,2.658621545029707,1.860578351650534,1.0585018903982246,1.908418564183329
311.0,147.0,1.0,315.0,216.0,1.0,248.0,218.0,1.0,220.0,315.0,1.0,238.0,404.0,1.0,375.0,214.0,1.0,407.0,307.0,1.0,360.0,280.0,1.0,308.0,405.0,1.0,264.0,404.0,1.0,348.0,405.0,1.0,297.0,138.0,1.0,324.0,138.0,1.0,281.0,144.0,1.0,345.0,146.0,1.0,2.6610165291599297,1.8816589521865827,0.7179653295588334,1.868871888380969
311.0,147.0,1.0,313.0,216.0,1.0,247.0,218.0,1.0,218.0,316.0,1.0,237.0,401.0,1.0,372.0,214.0,1.0,405.0,308.0,1.0,358.0,270.0,1.0,307.0,406.0,1.0,264.0,405.0,1.0,347.0,405.0,1.0,297.0,138.0,1.0,324.0,138.0,1.0,280.0,143.0,1.0,344.0,146.0,1.0,2.633970394798891,1.88879807026195,0.5532652345341067,1.8745332342792114
310.0,147.0,1.0,309.0,216.0,1.0,245.0,218.0,1.0,217.0,314.0,1.0,237.0,392.0,1.0,370.0,213.0,1.0,403.0,309.0,1.0,355.0,273.0,1.0,304.0,405.0,1.0,264.0,403.0,1.0,346.0,406.0,1.0,295.0,138.0,1.0,326.0,138.0,1.0,279.0,143.0,1.0,343.0,146.0,1.0,2.606795857738431,1.8858302694334927,0.5961991412974802,1.8527516690830086
308.0,147.0,1.0,308.0,216.0,1.0,243.0,217.0,1.0,215.0,312.0,1.0,236.0,373.0,1.0,369.0,214.0,1.0,402.0,300.0,1.0,372.0,302.0,1.0,303.0,405.0,1.0,264.0,401.0,1.0,346.0,406.0,1.0,293.0,138.0,1.0,324.0,138.0,1.0,278.0,143.0,1.0,342.0,146.0,1.0,2.5234172494884026,1.8728009708009443,1.27097007982148,1.9044155931400613
306.0,147.0,1.0,306.0,216.0,1.0,241.0,216.0,1.0,214.0,304.0,1.0,238.0,356.0,1.0,368.0,216.0,1.0,399.0,300.0,1.0,370.0,319.0,1.0,299.0,404.0,1.0,256.0,406.0,1.0,347.0,406.0,1.0,291.0,138.0,1.0,323.0,138.0,1.0,277.0,143.0,1.0,341.0,146.0,1.0,2.4114846683079545,1.8684965365061974,1.7972571412514589,1.9243382865460152
304.0,147.0,1.0,304.0,216.0,1.0,240.0,215.0,1.0,207.0,312.0,1.0,252.0,354.0,1.0,367.0,217.0,1.0,392.0,298.0,1.0,366.0,344.0,1.0,296.0,408.0,1.0,250.0,408.0,1.0,336.0,408.0,1.0,290.0,138.0,1.0,322.0,138.0,1.0,276.0,143.0,1.0,342.0,148.0,1.0,1.9938020736914137,1.883095913675843,2.3277751064734136,1.8860342438440387
303.0,147.0,1.0,302.0,216.0,1.0,239.0,214.0,1.0,205.0,308.0,1.0,260.0,328.0,1.0,365.0,218.0,1.0,385.0,310.0,1.0,346.0,382.0,1.0,297.0,411.0,1.0,249.0,402.0,1.0,340.0,408.0,1.0,289.0,138.0,1.0,319.0,138.0,1.0,275.0,143.0,1.0,341.0,148.0,1.0,1.572505726839313,1.8861225568059292,2.43110921662109,1.816592383887176
302.0,147.0,1.0,300.0,217.0,1.0,238.0,213.0,1.0,202.0,314.0,1.0,250.0,298.0,1.0,363.0,219.0,1.0,387.0,316.0,1.0,348.0,390.0,1.0,296.0,406.0,1.0,247.0,403.0,1.0,338.0,406.0,1.0,288.0,137.0,1.0,318.0,138.0,1.0,273.0,143.0,1.0,340.0,148.0,1.0,0.9066491844673938,1.8487660753002035,2.414006448310067,1.8450831837505453
301.0,147.0,1.0,299.0,218.0,1.0,236.0,213.0,1.0,201.0,315.0,1.0,246.0,292.0,1.0,362.0,221.0,1.0,389.0,318.0,1.0,349.0,389.0,1.0,295.0,407.0,1.0,246.0,404.0,1.0,334.0,407.0,1.0,287.0,137.0,1.0,317.0,138.0,1.0,271.0,143.0,1.0,339.0,148.0,1.0,0.7677514098874108,1.8221452372158673,2.35705626178184,1.8898579124707946
300.0,147.0,1.0,300.0,219.0,1.0,235.0,214.0,1.0,202.0,322.0,1.0,243.0,299.0,1.0,362.0,222.0,1.0,391.0,313.0,1.0,347.0,381.0,1.0,292.0,405.0,1.0,248.0,407.0,1.0,330.0,408.0,1.0,285.0,138.0,1.0,316.0,138.0,1.0,268.0,143.0,1.0,338.0,148.0,1.0,0.7630198054474067,1.790570244594819,2.2587815276831784,1.9276520091787126
300.0,148.0,1.0,301.0,219.0,1.0,235.0,215.0,1.0,203.0,312.0,1.0,250.0,344.0,1.0,362.0,220.0,1.0,392.0,309.0,1.0,347.0,364.0,1.0,294.0,414.0,1.0,248.0,408.0,1.0,336.0,418.0,1.0,285.0,139.0,1.0,316.0,139.0,1.0,267.0,144.0,1.0,335.0,149.0,1.0,1.849900129331886,1.8289188960688822,2.130745597643357,1.9123058461430518
300.0,149.0,1.0,301.0,219.0,1.0,234.0,217.0,1.0,209.0,312.0,1.0,234.0,368.0,1.0,362.0,219.0,1.0,390.0,302.0,1.0,372.0,330.0,1.0,300.0,409.0,1.0,252.0,410.0,1.0,338.0,412.0,1.0,285.0,140.0,1.0,316.0,140.0,1.0,266.0,145.0,1.0,335.0,150.0,1.0,2.464388981413153,1.798278157098876,2.2448945267395244,1.8961569738115387
299.0,149.0,1.0,300.0,218.0,1.0,234.0,219.0,1.0,211.0,314.0,1.0,233.0,405.0,1.0,362.0,218.0,1.0,392.0,300.0,1.0,362.0,326.0,1.0,300.0,409.0,1.0,264.0,408.0,1.0,340.0,407.0,1.0,285.0,140.0,1.0,315.0,140.0,1.0,265.0,145.0,1.0,334.0,150.0,1.0,2.6668512228105365,1.823481314565279,1.934159077158851,1.9215242750431
299.0,148.0,1.0,300.0,218.0,1.0,234.0,220.0,1.0,211.0,322.0,1.0,232.0,404.0,1.0,362.0,216.0,1.0,392.0,312.0,1.0,354.0,302.0,1.0,301.0,409.0,1.0,264.0,408.0,1.0,341.0,409.0,1.0,285.0,139.0,1.0,315.0,139.0,1.0,265.0,145.0,1.0,334.0,149.0,1.0,2.669102425145785,1.822871055736271,1.0105877434488364,1.841434312734614
299.0,148.0,1.0,299.0,218.0,1.0,234.0,221.0,1.0,208.0,322.0,1.0,233.0,398.0,1.0,361.0,214.0,1.0,392.0,310.0,1.0,340.0,284.0,1.0,301.0,410.0,1.0,263.0,409.0,1.0,341.0,410.0,1.0,285.0,139.0,1.0,315.0,139.0,1.0,265.0,144.0,1.0,334.0,149.0,1.0,2.5718393536612645,1.8688727369280442,0.7948022748775921,1.8187159302858416
298.0,148.0,1.0,297.0,218.0,1.0,232.0,221.0,1.0,207.0,315.0,1.0,238.0,392.0,1.0,360.0,213.0,1.0,391.0,311.0,1.0,339.0,293.0,1.0,299.0,408.0,1.0,254.0,412.0,1.0,342.0,412.0,1.0,284.0,139.0,1.0,314.0,139.0,1.0,264.0,144.0,1.0,333.0,149.0,1.0,2.49890900355569,1.876857582997936,0.9311848730671768,1.797964408441492
297.0,148.0,1.0,294.0,218.0,1.0,230.0,220.0,1.0,204.0,310.0,1.0,234.0,362.0,1.0,359.0,214.0,1.0,391.0,312.0,1.0,356.0,312.0,1.0,298.0,414.0,1.0,250.0,418.0,1.0,344.0,410.0,1.0,283.0,139.0,1.0,313.0,139.0,1.0,263.0,144.0,1.0,332.0,149.0,1.0,2.3370821295395223,1.88326836214346,1.2551806647561303,1.824951032950897
296.0,148.0,1.0,293.0,218.0,1.0,228.0,219.0,1.0,201.0,320.0,1.0,245.0,347.0,1.0,358.0,215.0,1.0,388.0,304.0,1.0,334.0,346.0,1.0,296.0,414.0,1.0,250.0,412.0,1.0,342.0,410.0,1.0,281.0,139.0,1.0,312.0,138.0,1.0,262.0,144.0,1.0,331.0,148.0,1.0,1.859963739857153,1.847398263190027,1.9067219506054336,1.8497927558205354
295.0,147.0,1.0,292.0,219.0,1.0,227.0,219.0,1.0,201.0,326.0,1.0,258.0,330.0,1.0,356.0,215.0,1.0,380.0,310.0,1.0,333.0,357.0,1.0,297.0,418.0,1.0,250.0,417.0,1.0,341.0,417.0,1.0,279.0,138.0,1.0,311.0,137.0,1.0,261.0,144.0,1.0,330.0,148.0,1.0,1.4024860796466012,1.8091671565816474,2.108740584595867,1.7558314223954175
293.0,149.0,1.0,293.0,218.0,1.0,226.0,219.0,1.0,199.0,316.0,1.0,234.0,336.0,1.0,358.0,216.0,1.0,381.0,313.0,1.0,332.0,351.0,1.0,296.0,414.0,1.0,248.0,418.0,1.0,342.0,414.0,1.0,277.0,137.0,1.0,309.0,136.0,1.0,259.0,143.0,1.0,329.0,148.0,1.0,1.818463958642505,1.8571990741838962,1.997611256325083,1.7728506138311617
292.0,150.0,1.0,292.0,219.0,1.0,226.0,220.0,1.0,199.0,324.0,1.0,252.0,362.0,1.0,358.0,217.0,1.0,384.0,311.0,1.0,344.0,332.0,1.0,296.0,418.0,1.0,248.0,419.0,1.0,342.0,415.0,1.0,276.0,138.0,1.0,308.0,136.0,1.0,259.0,144.0,1.0,328.0,149.0,1.0,1.9388205789574755,1.83995444579626,1.7843941724236263,1.8103517228145907
292.0,151.0,1.0,292.0,219.0,1.0,226.0,220.0,1.0,199.0,312.0,1.0,224.0,362.0,1.0,358.0,218.0,1.0,383.0,309.0,1.0,330.0,328.0,1.0,297.0,415.0,1.0,257.0,418.0,1.0,341.0,416.0,1.0,276.0,139.0,1.0,308.0,137.0,1.0,259.0,144.0,1.0,328.0,150.0,1.0,2.392482184322242,1.8714095429364115,1.6469042267075371,1.823756753989954
291.0,151.0,1.0,292.0,219.0,1.0,225.0,220.0,1.0,198.0,312.0,1.0,226.0,363.0,1.0,358.0,218.0,1.0,383.0,309.0,1.0,327.0,328.0,1.0,296.0,415.0,1.0,256.0,418.0,1.0,340.0,417.0,1.0,275.0,139.0,1.0,305.0,137.0,1.0,259.0,144.0,1.0,328.0,150.0,1.0,2.3540395943010544,1.8711834520517268,1.6297836407308623,1.823756753989954
290.0,151.0,1.0,291.0,219.0,1.0,224.0,220.0,1.0,197.0,316.0,1.0,226.0,346.0,1.0,357.0,218.0,1.0,388.0,314.0,1.0,360.0,332.0,1.0,295.0,416.0,1.0,254.0,414.0,1.0,340.0,418.0,1.0,274.0,139.0,1.0,305.0,137.0,1.0,258.0,144.0,1.0,327.0,150.0,1.0,2.098974568879091,1.8598880429046403,1.829787363712025,1.8679924138366253
289.0,151.0,1.0,290.0,219.0,1.0,222.0,220.0,1.0,193.0,328.0,1.0,246.0,328.0,1.0,355.0,218.0,1.0,380.0,314.0,1.0,318.0,372.0,1.0,292.0,424.0,1.0,246.0,424.0,1.0,334.0,426.0,1.0,273.0,139.0,1.0,304.0,137.0,1.0,257.0,144.0,1.0,326.0,150.0,1.0,1.3084658261687312,1.8478316497989133,2.068115191878203,1.8101712274501964
288.0,151.0,1.0,288.0,219.0,1.0,220.0,220.0,1.0,197.0,328.0,1.0,236.0,314.0,1.0,353.0,219.0,1.0,378.0,321.0,1.0,322.0,379.0,1.0,294.0,422.0,1.0,247.0,425.0,1.0,336.0,422.0,1.0,272.0,138.0,1.0,303.0,137.0,1.0,256.0,143.0,1.0,325.0,150.0,1.0,1.016320699417215,1.7953294609324035,2.1333767919199396,1.8111560851247044
288.0,150.0,1.0,287.0,219.0,1.0,219.0,220.0,1.0,195.0,331.0,1.0,234.0,328.0,1.0,355.0,219.0,1.0,376.0,316.0,1.0,323.0,370.0,1.0,293.0,419.0,1.0,247.0,426.0,1.0,334.0,423.0,1.0,272.0,137.0,1.0,303.0,136.0,1.0,255.0,143.0,1.0,325.0,150.0,1.0,1.2810860859457214,1.7984394987521453,2.1523354931103804,1.7840008461843508
288.0,150.0,1.0,288.0,219.0,1.0,219.0,220.0,1.0,191.0,322.0,1.0,236.0,348.0,1.0,356.0,220.0,1.0,378.0,310.0,1.0,327.0,348.0,1.0,292.0,420.0,1.0,247.0,419.0,1.0,336.0,420.0,1.0,272.0,138.0,1.0,303.0,137.0,1.0,255.0,143.0,1.0,325.0,150.0,1.0,1.826805252056756,1.8531984882837365,1.9714096829952827,1.8252442580432047
288.0,150.0,1.0,289.0,219.0,1.0,219.0,219.0,1.0,193.0,316.0,1.0,232.0,362.0,1.0,357.0,221.0,1.0,380.0,314.0,1.0,340.0,330.0,1.0,291.0,420.0,1.0,250.0,420.0,1.0,332.0,421.0,1.0,272.0,138.0,1.0,303.0,137.0,1.0,255.0,143.0,1.0,325.0,150.0,1.0,2.176476747873526,1.8326815914754155,1.7088556809414062,1.842646637964757
288.0,150.0,1.0,289.0,219.0,1.0,219.0,219.0,1.0,192.0,316.0,1.0,227.0,362.0,1.0,357.0,221.0,1.0,381.0,313.0,1.0,330.0,328.0,1.0,290.0,420.0,1.0,249.0,420.0,1.0,330.0,422.0,1.0,272.0,138.0,1.0,303.0,137.0,1.0,255.0,143.0,1.0,325.0,150.0,1.0,2.219692757647354,1.842274809193811,1.6016653778913965,1.85538200561972
288.0,150.0,1.0,288.0,219.0,1.0,218.0,219.0,1.0,189.0,314.0,1.0,225.0,346.0,1.0,356.0,221.0,1.0,381.0,314.0,1.0,346.0,332.0,1.0,287.0,414.0,1.0,242.0,422.0,1.0,332.0,419.0,1.0,272.0,137.0,1.0,303.0,137.0,1.0,254.0,141.0,1.0,325.0,150.0,1.0,2.0011603095907025,1.8670746846808162,1.7831980050429472,1.8628086930159478
287.0,150.0,1.0,287.0,219.0,1.0,216.0,219.0,1.0,187.0,326.0,1.0,240.0,330.0,1.0,354.0,221.0,1.0,380.0,321.0,1.0,318.0,360.0,1.0,287.0,418.0,1.0,242.0,422.0,1.0,331.0,419.0,1.0,271.0,137.0,1.0,302.0,137.0,1.0,253.0,141.0,1.0,324.0,150.0,1.0,1.3814554456328592,1.8354660987852742,1.8779219315087294,1.855006270015272
286.0,150.0,1.0,285.0,219.0,1.0,215.0,219.0,1.0,188.0,326.0,1.0,236.0,328.0,1.0,353.0,221.0,1.0,377.0,325.0,1.0,320.0,367.0,1.0,288.0,424.0,1.0,239.0,422.0,1.0,330.0,419.0,1.0,270.0,137.0,1.0,301.0,137.0,1.0,252.0,141.0,1.0,323.0,150.0,1.0,1.365262444107515,1.8179727885808665,1.9790242141313243,1.8269984630527876
286.0,149.0,1.0,284.0,219.0,1.0,214.0,218.0,1.0,185.0,327.0,1.0,238.0,340.0,1.0,351.0,220.0,1.0,375.0,320.0,1.0,320.0,358.0,1.0,286.0,423.0,1.0,237.0,422.0,1.0,332.0,422.0,1.0,270.0,136.0,1.0,301.0,137.0,1.0,252.0,140.0,1.0,323.0,150.0,1.0,1.551299285158669,1.816542873789632,1.9398499361675101,1.8212655725058449
286.0,150.0,1.0,284.0,219.0,1.0,214.0,217.0,1.0,185.0,314.0,1.0,220.0,346.0,1.0,350.0,219.0,1.0,375.0,315.0,1.0,336.0,342.0,1.0,285.0,423.0,1.0,246.0,422.0,1.0,331.0,422.0,1.0,270.0,137.0,1.0,301.0,138.0,1.0,252.0,140.0,1.0,323.0,150.0,1.0,2.0209375377713554,1.8327433899225105,1.921582687963972,1.8255546292307914
284.0,152.0,1.0,284.0,219.0,1.0,214.0,217.0,1.0,187.0,316.0,1.0,217.0,356.0,1.0,351.0,219.0,1.0,376.0,312.0,1.0,332.0,333.0,1.0,284.0,423.0,1.0,245.0,426.0,1.0,328.0,424.0,1.0,270.0,138.0,1.0,301.0,138.0,1.0,252.0,140.0,1.0,323.0,150.0,1.0,2.2318394956455836,1.808484718107062,1.7534882926655364,1.8334054048119428
284.0,152.0,1.0,284.0,219.0,1.0,214.0,217.0,1.0,187.0,316.0,1.0,222.0,349.0,1.0,351.0,219.0,1.0,376.0,312.0,1.0,330.0,334.0,1.0,284.0,416.0,1.0,248.0,415.0,1.0,330.0,412.0,1.0,270.0,138.0,1.0,301.0,138.0,1.0,252.0,140.0,1.0,323.0,150.0,1.0,2.0605391528374146,1.808484718107062,1.7542927977212541,1.8334054048119428
283.0,152.0,1.0,284.0,219.0,1.0,213.0,218.0,1.0,183.0,328.0,1.0,224.0,332.0,1.0,350.0,219.0,1.0,378.0,317.0,1.0,344.0,344.0,1.0,282.0,410.0,1.0,234.0,412.0,1.0,330.0,412.0,1.0,270.0,138.0,1.0,301.0,138.0,1.0,251.0,140.0,1.0,322.0,150.0,1.0,1.401797475895537,1.822964800122962,1.963640503225794,1.849095985800008
282.0,152.0,1.0,283.0,219.0,1.0,212.0,218.0,1.0,186.0,326.0,1.0,230.0,328.0,1.0,349.0,219.0,1.0,376.0,324.0,1.0,316.0,374.0,1.0,281.0,419.0,1.0,235.0,416.0,1.0,328.0,422.0,1.0,269.0,138.0,1.0,300.0,138.0,1.0,250.0,140.0,1.0,321.0,150.0,1.0,1.379974345498036,1.792958011690474,2.0138446312334133,1.8224862985530834
282.0,152.0,1.0,282.0,219.0,1.0,212.0,218.0,1.0,185.0,329.0,1.0,231.0,329.0,1.0,349.0,219.0,1.0,373.0,325.0,1.0,320.0,374.0,1.0,286.0,423.0,1.0,235.0,421.0,1.0,327.0,423.0,1.0,269.0,138.0,1.0,300.0,138.0,1.0,250.0,140.0,1.0,321.0,150.0,1.0,1.3321870042866957,1.795120906715701,2.094337947628925,1.7934572674312617
282.0,152.0,1.0,283.0,219.0,1.0,212.0,217.0,1.0,183.0,320.0,1.0,232.0,346.0,1.0,350.0,219.0,1.0,372.0,319.0,1.0,326.0,361.0,1.0,282.0,420.0,1.0,233.0,420.0,1.0,328.0,418.0,1.0,269.0,138.0,1.0,300.0,138.0,1.0,250.0,140.0,1.0,321.0,150.0,1.0,1.7841841785537011,1.8170833467078422,2.094220905794679,1.7873466317709858
283.0,153.0,1.0,284.0,219.0,1.0,213.0,216.0,1.0,184.0,319.0,1.0,222.0,358.0,1.0,349.0,219.0,1.0,374.0,315.0,1.0,338.0,338.0,1.0,284.0,416.0,1.0,248.0,412.0,1.0,328.0,412.0,1.0,270.0,139.0,1.0,301.0,139.0,1.0,251.0,140.0,1.0,322.0,151.0,1.0,2.0947321862116794,1.8030165115827326,1.8845625720900419,1.8255546292307914
284.0,153.0,1.0,285.0,219.0,1.0,214.0,216.0,1.0,185.0,317.0,1.0,220.0,361.0,1.0,350.0,219.0,1.0,376.0,320.0,1.0,330.0,328.0,1.0,286.0,414.0,1.0,248.0,413.0,1.0,326.0,412.0,1.0,271.0,139.0,1.0,302.0,139.0,1.0,252.0,140.0,1.0,323.0,151.0,1.0,2.1900226341965165,1.8081747724849395,1.4910318471991992,1.822751620913533
285.0,153.0,1.0,286.0,219.0,1.0,215.0,216.0,1.0,185.0,312.0,1.0,222.0,350.0,1.0,350.0,219.0,1.0,377.0,320.0,1.0,330.0,324.0,1.0,284.0,410.0,1.0,238.0,412.0,1.0,326.0,413.0,1.0,272.0,138.0,1.0,303.0,139.0,1.0,253.0,140.0,1.0,324.0,151.0,1.0,2.066642165111519,1.8314527930568663,1.3944795856300836,1.8320148614094318
286.0,154.0,1.0,285.0,218.0,1.0,215.0,217.0,1.0,183.0,326.0,1.0,227.0,339.0,1.0,350.0,219.0,1.0,377.0,322.0,1.0,344.0,332.0,1.0,282.0,412.0,1.0,236.0,414.0,1.0,329.0,412.0,1.0,273.0,138.0,1.0,302.0,139.0,1.0,254.0,140.0,1.0,325.0,151.0,1.0,1.5725231094224223,1.8420662549771085,1.6086631995882847,1.8425474208932915
287.0,154.0,1.0,285.0,218.0,1.0,215.0,217.0,1.0,186.0,326.0,1.0,232.0,332.0,1.0,350.0,219.0,1.0,376.0,318.0,1.0,316.0,362.0,1.0,280.0,424.0,1.0,236.0,418.0,1.0,328.0,424.0,1.0,274.0,138.0,1.0,303.0,139.0,1.0,255.0,140.0,1.0,326.0,150.0,1.0,1.4404675743686766,1.816542873789632,1.946718711827272,1.8430061785452996
288.0,153.0,1.0,286.0,218.0,1.0,216.0,216.0,1.0,185.0,324.0,1.0,233.0,341.0,1.0,354.0,220.0,1.0,373.0,330.0,1.0,314.0,387.0,1.0,282.0,414.0,1.0,235.0,420.0,1.0,330.0,416.0,1.0,275.0,137.0,1.0,304.0,138.0,1.0,256.0,139.0,1.0,327.0,150.0,1.0,1.6316561131531633,1.821754821239777,2.1679151935288914,1.7712392404678254
289.0,152.0,1.0,287.0,218.0,1.0,217.0,215.0,1.0,185.0,318.0,1.0,232.0,355.0,1.0,355.0,220.0,1.0,373.0,331.0,1.0,312.0,388.0,1.0,282.0,426.0,1.0,236.0,422.0,1.0,331.0,423.0,1.0,276.0,136.0,1.0,306.0,137.0,1.0,258.0,138.0,1.0,329.0,150.0,1.0,1.9364789531718212,1.8291909719885553,2.161546419662393,1.7609623556247365
290.0,152.0,1.0,288.0,217.0,1.0,218.0,213.0,1.0,185.0,319.0,1.0,220.0,362.0,1.0,356.0,220.0,1.0,375.0,324.0,1.0,312.0,383.0,1.0,286.0,426.0,1.0,237.0,422.0,1.0,332.0,425.0,1.0,277.0,136.0,1.0,307.0,137.0,1.0,259.0,138.0,1.0,330.0,150.0,1.0,2.1565910305372156,1.8155257221510153,2.1427198225089765,1.7955849074722612
291.0,152.0,1.0,290.0,216.0,1.0,219.0,211.0,1.0,184.0,315.0,1.0,217.0,360.0,1.0,357.0,220.0,1.0,379.0,323.0,1.0,313.0,376.0,1.0,287.0,421.0,1.0,238.0,421.0,1.0,332.0,424.0,1.0,278.0,137.0,1.0,308.0,137.0,1.0,260.0,138.0,1.0,331.0,150.0,1.0,2.1842114277884566,1.8251222534754257,2.036952082028626,1.8408572432725396
292.0,151.0,1.0,291.0,215.0,1.0,220.0,209.0,1.0,182.0,307.0,1.0,213.0,341.0,1.0,358.0,220.0,1.0,380.0,322.0,1.0,316.0,375.0,1.0,289.0,420.0,1.0,238.0,422.0,1.0,333.0,423.0,1.0,280.0,136.0,1.0,309.0,136.0,1.0,261.0,137.0,1.0,332.0,149.0,1.0,2.0324095387502985,1.8563956617252477,2.050020928139354,1.8577171375175205
292.0,151.0,1.0,292.0,214.0,1.0,220.0,208.0,1.0,175.0,312.0,1.0,218.0,316.0,1.0,358.0,220.0,1.0,380.0,323.0,1.0,323.0,379.0,1.0,289.0,424.0,1.0,239.0,422.0,1.0,333.0,423.0,1.0,280.0,136.0,1.0,309.0,136.0,1.0,261.0,136.0,1.0,332.0,149.0,1.0,1.2551846290458089,1.8960231128436869,2.1369149603296136,1.8718864173421152
291.0,151.0,1.0,291.0,214.0,1.0,220.0,207.0,1.0,173.0,312.0,1.0,218.0,294.0,1.0,358.0,220.0,1.0,380.0,324.0,1.0,327.0,388.0,1.0,282.0,418.0,1.0,234.0,414.0,1.0,330.0,422.0,1.0,279.0,136.0,1.0,308.0,136.0,1.0,261.0,136.0,1.0,332.0,149.0,1.0,0.769417788692018,1.8933945345294012,2.2414708133566057,1.8685755381681066
290.0,151.0,1.0,290.0,214.0,1.0,220.0,206.0,1.0,171.0,318.0,1.0,181.0,298.0,1.0,358.0,220.0,1.0,380.0,325.0,1.0,332.0,397.0,1.0,284.0,416.0,1.0,234.0,414.0,1.0,332.0,422.0,1.0,278.0,136.0,1.0,307.0,136.0,1.0,260.0,136.0,1.0,331.0,149.0,1.0,0.05123716740342186,1.8694147612485759,2.3470539769365493,1.8653397734283135
289.0,152.0,1.0,289.0,215.0,1.0,220.0,206.0,1.0,169.0,314.0,1.0,175.0,293.0,1.0,357.0,221.0,1.0,381.0,326.0,1.0,337.0,404.0,1.0,290.0,422.0,1.0,235.0,418.0,1.0,336.0,426.0,1.0,277.0,137.0,1.0,307.0,137.0,1.0,259.0,137.0,1.0,330.0,149.0,1.0,0.16287982140986865,1.8822732700539653,2.4032754804524017,1.88351486873728
289.0,153.0,1.0,287.0,216.0,1.0,220.0,206.0,1.0,170.0,312.0,1.0,179.0,228.0,1.0,357.0,222.0,1.0,382.0,327.0,1.0,341.0,408.0,1.0,291.0,421.0,1.0,244.0,418.0,1.0,332.0,416.0,1.0,277.0,138.0,1.0,306.0,138.0,1.0,258.0,138.0,1.0,329.0,149.0,1.0,0.3340151751302869,1.8633871538424873,2.4392757951916626,1.8900448013420026
289.0,154.0,1.0,287.0,217.0,1.0,220.0,207.0,1.0,167.0,313.0,1.0,167.0,239.0,1.0,357.0,222.0,1.0,383.0,327.0,1.0,343.0,409.0,1.0,290.0,422.0,1.0,242.0,418.0,1.0,335.0,417.0,1.0,279.0,137.0,1.0,306.0,139.0,1.0,258.0,139.0,1.0,329.0,149.0,1.0,0.46364760900080615,1.8862839150638713,2.4450121376505125,1.8848403059979573
289.0,155.0,1.0,288.0,217.0,1.0,220.0,211.0,1.0,163.0,312.0,1.0,143.0,234.0,1.0,357.0,222.0,1.0,385.0,327.0,1.0,345.0,407.0,1.0,291.0,422.0,1.0,244.0,419.0,1.0,337.0,418.0,1.0,279.0,138.0,1.0,308.0,139.0,1.0,258.0,140.0,1.0,329.0,149.0,1.0,0.7648012582804068,1.9965875249045282,2.417342652841646,1.9037360490808326
289.0,156.0,1.0,289.0,217.0,1.0,220.0,211.0,1.0,179.0,282.0,1.0,153.0,300.0,1.0,358.0,222.0,1.0,387.0,326.0,1.0,347.0,404.0,1.0,291.0,422.0,1.0,242.0,418.0,1.0,338.0,415.0,1.0,279.0,139.0,1.0,308.0,140.0,1.0,258.0,141.0,1.0,329.0,150.0,1.0,2.7000256513961096,2.007742649115155,2.3958028954405366,1.9150720789879876
289.0,156.0,1.0,290.0,217.0,1.0,220.0,210.0,1.0,173.0,283.0,1.0,147.0,310.0,1.0,359.0,222.0,1.0,389.0,325.0,1.0,349.0,401.0,1.0,289.0,422.0,1.0,242.0,418.0,1.0,332.0,420.0,1.0,279.0,139.0,1.0,308.0,140.0,1.0,258.0,141.0,1.0,329.0,150.0,1.0,2.9470896974596563,2.043157195549375,2.373693471404718,1.9265549104815438
290.0,155.0,1.0,291.0,217.0,1.0,220.0,211.0,1.0,175.0,290.0,1.0,153.0,314.0,1.0,359.0,222.0,1.0,390.0,321.0,1.0,351.0,399.0,1.0,290.0,421.0,1.0,246.0,419.0,1.0,334.0,418.0,1.0,280.0,138.0,1.0,309.0,139.0,1.0,258.0,140.0,1.0,329.0,149.0,1.0,2.917427244196562,2.0042714528813765,2.3744851331491654,1.9476535641363304
294.0,154.0,1.0,291.0,217.0,1.0,220.0,212.0,1.0,171.0,312.0,1.0,155.0,298.0,1.0,359.0,221.0,1.0,391.0,320.0,1.0,351.0,396.0,1.0,288.0,423.0,1.0,244.0,421.0,1.0,334.0,420.0,1.0,280.0,138.0,1.0,310.0,139.0,1.0,258.0,140.0,1.0,329.0,148.0,1.0,1.3075819803844966,1.9561055158874967,2.3444824584733235,1.9421844155900658
294.0,153.0,1.0,291.0,218.0,1.0,219.0,213.0,1.0,173.0,316.0,1.0,159.0,274.0,1.0,359.0,221.0,1.0,392.0,320.0,1.0,352.0,396.0,1.0,288.0,424.0,1.0,242.0,422.0,1.0,333.0,422.0,1.0,280.0,138.0,1.0,310.0,139.0,1.0,258.0,140.0,1.0,329.0,147.0,1.0,0.7417750620492936,1.9214877007593394,2.3353641701561276,1.9366359385896106
295.0,153.0,1.0,291.0,219.0,1.0,219.0,214.0,1.0,178.0,316.0,1.0,163.0,264.0,1.0,358.0,222.0,1.0,392.0,321.0,1.0,353.0,397.0,1.0,288.0,425.0,1.0,241.0,424.0,1.0,334.0,423.0,1.0,280.0,138.0,1.0,310.0,139.0,1.0,257.0,141.0,1.0,329.0,147.0,1.0,0.6630332893161383,1.8836587578016233,2.3366604727419396,1.9463563085918627
296.0,154.0,1.0,292.0,220.0,1.0,221.0,215.0,1.0,175.0,319.0,1.0,162.0,269.0,1.0,358.0,223.0,1.0,391.0,322.0,1.0,353.0,399.0,1.0,288.0,425.0,1.0,244.0,425.0,1.0,334.0,424.0,1.0,281.0,139.0,1.0,311.0,140.0,1.0,258.0,142.0,1.0,330.0,148.0,1.0,0.6708066757448577,1.9169284798678639,2.361402776431417,1.9379701606131159
297.0,154.0,1.0,293.0,219.0,1.0,222.0,213.0,1.0,168.0,318.0,1.0,155.0,266.0,1.0,359.0,223.0,1.0,390.0,322.0,1.0,352.0,400.0,1.0,287.0,424.0,1.0,244.0,424.0,1.0,334.0,424.0,1.0,282.0,139.0,1.0,312.0,141.0,1.0,259.0,142.0,1.0,331.0,149.0,1.0,0.7199894193919609,1.961500350533787,2.3847940462954083,1.9347882580168259
298.0,154.0,1.0,295.0,217.0,1.0,222.0,209.0,1.0,183.0,270.0,1.0,163.0,294.0,1.0,360.0,223.0,1.0,390.0,322.0,1.0,351.0,399.0,1.0,287.0,418.0,1.0,240.0,412.0,1.0,333.0,420.0,1.0,283.0,139.0,1.0,313.0,141.0,1.0,261.0,141.0,1.0,332.0,149.0,1.0,3.015702235814449,2.030490722307378,2.3785291786935607,1.9570777407694913
300.0,153.0,1.0,296.0,216.0,1.0,222.0,207.0,1.0,167.0,302.0,1.0,153.0,294.0,1.0,362.0,223.0,1.0,391.0,322.0,1.0,350.0,397.0,1.0,285.0,418.0,1.0,238.0,414.0,1.0,331.0,419.0,1.0,285.0,138.0,1.0,315.0,140.0,1.0,263.0,140.0,1.0,334.0,148.0,1.0,1.576445984198481,1.974564878635799,2.356354875114787,1.9614192591449067
302.0,153.0,1.0,296.0,217.0,1.0,223.0,211.0,1.0,169.0,312.0,1.0,153.0,284.0,1.0,363.0,223.0,1.0,392.0,322.0,1.0,349.0,397.0,1.0,286.0,419.0,1.0,240.0,415.0,1.0,331.0,417.0,1.0,287.0,137.0,1.0,317.0,140.0,1.0,264.0,140.0,1.0,335.0,148.0,1.0,1.0101306615051533,1.9797734285273414,2.3360544698479795,1.945067670038273
303.0,153.0,1.0,296.0,218.0,1.0,223.0,213.0,1.0,176.0,313.0,1.0,160.0,277.0,1.0,363.0,224.0,1.0,392.0,323.0,1.0,349.0,399.0,1.0,286.0,421.0,1.0,241.0,417.0,1.0,330.0,419.0,1.0,288.0,137.0,1.0,318.0,140.0,1.0,264.0,141.0,1.0,336.0,148.0,1.0,0.8575852168638205,1.9417708704889844,2.3417505269354137,1.945067670038273
304.0,153.0,1.0,297.0,219.0,1.0,224.0,215.0,1.0,177.0,316.0,1.0,160.0,285.0,1.0,363.0,225.0,1.0,390.0,325.0,1.0,348.0,402.0,1.0,286.0,422.0,1.0,238.0,422.0,1.0,332.0,424.0,1.0,289.0,137.0,1.0,319.0,140.0,1.0,265.0,141.0,1.0,339.0,151.0,1.0,0.9371466157294707,1.951599108285366,2.378534097447397,1.925168048457908
305.0,153.0,1.0,298.0,219.0,1.0,227.0,214.0,1.0,168.0,318.0,1.0,153.0,290.0,1.0,364.0,225.0,1.0,389.0,326.0,1.0,347.0,403.0,1.0,285.0,425.0,1.0,237.0,424.0,1.0,332.0,427.0,1.0,291.0,137.0,1.0,320.0,140.0,1.0,266.0,141.0,1.0,340.0,151.0,1.0,1.007843267086564,2.0165239537741377,2.3995982668919256,1.9041038790133793
306.0,153.0,1.0,299.0,217.0,1.0,230.0,209.0,1.0,185.0,266.0,1.0,163.0,296.0,1.0,365.0,225.0,1.0,389.0,325.0,1.0,346.0,401.0,1.0,285.0,423.0,1.0,237.0,422.0,1.0,330.0,425.0,1.0,292.0,137.0,1.0,321.0,140.0,1.0,267.0,140.0,1.0,341.0,151.0,1.0,3.1060520697613927,2.123659085258556,2.3911628964647047,1.9269649760958627
307.0,152.0,1.0,300.0,216.0,1.0,230.0,207.0,1.0,180.0,266.0,1.0,160.0,295.0,1.0,366.0,224.0,1.0,390.0,324.0,1.0,345.0,398.0,1.0,285.0,422.0,1.0,236.0,417.0,1.0,328.0,420.0,1.0,293.0,136.0,1.0,322.0,139.0,1.0,268.0,139.0,1.0,342.0,150.0,1.0,3.0423257541814714,2.145942641040654,2.3596876484199507,1.9269649760958627
308.0,151.0,1.0,300.0,216.0,1.0,230.0,208.0,1.0,167.0,306.0,1.0,147.0,282.0,1.0,366.0,224.0,1.0,391.0,323.0,1.0,344.0,397.0,1.0,285.0,423.0,1.0,236.0,420.0,1.0,328.0,422.0,1.0,294.0,135.0,1.0,323.0,138.0,1.0,270.0,137.0,1.0,343.0,149.0,1.0,1.2660757560303302,2.0283417994848154,2.32838437090991,1.938773950946823
308.0,151.0,1.0,299.0,217.0,1.0,230.0,210.0,1.0,171.0,312.0,1.0,153.0,268.0,1.0,366.0,225.0,1.0,391.0,324.0,1.0,343.0,398.0,1.0,284.0,422.0,1.0,235.0,418.0,1.0,329.0,421.0,1.0,294.0,135.0,1.0,323.0,138.0,1.0,270.0,138.0,1.0,343.0,149.0,1.0,0.9127279417165844,1.9941021786027164,2.3188140474826846,1.9369906269344854
308.0,151.0,1.0,299.0,218.0,1.0,231.0,212.0,1.0,176.0,313.0,1.0,150.0,264.0,1.0,366.0,226.0,1.0,389.0,326.0,1.0,341.0,401.0,1.0,285.0,423.0,1.0,236.0,422.0,1.0,328.0,425.0,1.0,294.0,135.0,1.0,323.0,138.0,1.0,270.0,138.0,1.0,343.0,149.0,1.0,0.9864891979251492,1.9814417125326627,2.3462110744952476,1.9157050593565457
309.0,151.0,1.0,300.0,218.0,1.0,232.0,212.0,1.0,172.0,312.0,1.0,151.0,277.0,1.0,369.0,228.0,1.0,390.0,327.0,1.0,342.0,402.0,1.0,289.0,425.0,1.0,244.0,427.0,1.0,340.0,428.0,1.0,295.0,135.0,1.0,324.0,138.0,1.0,271.0,138.0,1.0,344.0,149.0,1.0,1.0808390005411683,2.02320845353774,2.3632565196828668,1.9237447189893775
310.0,151.0,1.0,301.0,217.0,1.0,233.0,210.0,1.0,169.0,300.0,1.0,151.0,296.0,1.0,370.0,228.0,1.0,390.0,327.0,1.0,342.0,401.0,1.0,292.0,424.0,1.0,245.0,423.0,1.0,340.0,427.0,1.0,296.0,135.0,1.0,325.0,138.0,1.0,273.0,137.0,1.0,345.0,150.0,1.0,1.9702716068561419,2.086360700311789,2.3668306980721843,1.9282236028989064
311.0,151.0,1.0,302.0,216.0,1.0,234.0,207.0,1.0,185.0,264.0,1.0,161.0,284.0,1.0,371.0,228.0,1.0,392.0,326.0,1.0,342.0,398.0,1.0,289.0,423.0,1.0,243.0,421.0,1.0,340.0,425.0,1.0,297.0,134.0,1.0,326.0,138.0,1.0,275.0,136.0,1.0,346.0,151.0,1.0,2.9756038755607097,2.1492774579060843,2.3235116563206386,1.9540804745405822
313.0,150.0,1.0,303.0,216.0,1.0,234.0,206.0,1.0,169.0,288.0,1.0,153.0,296.0,1.0,372.0,228.0,1.0,394.0,325.0,1.0,343.0,396.0,1.0,287.0,423.0,1.0,241.0,422.0,1.0,338.0,426.0,1.0,299.0,133.0,1.0,328.0,137.0,1.0,277.0,135.0,1.0,348.0,150.0,1.0,2.70470729600249,2.097134237613468,2.2956526310379903,1.9660181096893938
314.0,150.0,1.0,303.0,217.0,1.0,234.0,207.0,1.0,169.0,300.0,1.0,150.0,267.0,1.0,373.0,228.0,1.0,396.0,325.0,1.0,344.0,396.0,1.0,288.0,420.0,1.0,242.0,412.0,1.0,336.0,423.0,1.0,300.0,133.0,1.0,329.0,137.0,1.0,278.0,135.0,1.0,349.0,150.0,1.0,1.1324073745705545,2.036874820260706,2.276640878954065,1.9594783412999535
314.0,150.0,1.0,303.0,218.0,1.0,235.0,209.0,1.0,173.0,310.0,1.0,153.0,264.0,1.0,373.0,229.0,1.0,396.0,327.0,1.0,344.0,398.0,1.0,290.0,422.0,1.0,242.0,416.0,1.0,336.0,425.0,1.0,300.0,134.0,1.0,329.0,137.0,1.0,278.0,136.0,1.0,349.0,151.0,1.0,0.9606767403253589,1.9897575851208438,2.2789328530174306,1.957186367236588
315.0,150.0,1.0,304.0,219.0,1.0,236.0,211.0,1.0,172.0,312.0,1.0,151.0,264.0,1.0,373.0,230.0,1.0,395.0,329.0,1.0,344.0,400.0,1.0,292.0,423.0,1.0,242.0,416.0,1.0,336.0,428.0,1.0,301.0,135.0,1.0,330.0,137.0,1.0,279.0,137.0,1.0,350.0,152.0,1.0,0.9772153510406901,2.018492491671335,2.3000146535356065,1.9475552437905244
316.0,151.0,1.0,305.0,219.0,1.0,237.0,211.0,1.0,166.0,309.0,1.0,145.0,264.0,1.0,374.0,230.0,1.0,395.0,330.0,1.0,344.0,400.0,1.0,289.0,424.0,1.0,234.0,425.0,1.0,336.0,428.0,1.0,302.0,135.0,1.0,331.0,138.0,1.0,280.0,137.0,1.0,351.0,152.0,1.0,1.0636008480041048,2.080661270418596,2.3049552767238164,1.9358784921364034
317.0,151.0,1.0,306.0,218.0,1.0,238.0,209.0,1.0,185.0,266.0,1.0,157.0,296.0,1.0,375.0,230.0,1.0,396.0,329.0,1.0,344.0,398.0,1.0,290.0,419.0,1.0,244.0,412.0,1.0,336.0,426.0,1.0,303.0,135.0,1.0,332.0,138.0,1.0,281.0,137.0,1.0,352.0,153.0,1.0,3.1397141335702283,2.1882587277154038,2.286753791309959,1.9520100841241002
318.0,150.0,1.0,307.0,217.0,1.0,237.0,205.0,1.0,175.0,270.0,1.0,153.0,294.0,1.0,376.0,229.0,1.0,398.0,328.0,1.0,345.0,396.0,1.0,289.0,421.0,1.0,242.0,416.0,1.0,338.0,426.0,1.0,304.0,134.0,1.0,333.0,137.0,1.0,282.0,136.0,1.0,353.0,152.0,1.0,3.1217594132032107,2.162798561219056,2.2608632452181268,1.9616560871917776
319.0,149.0,1.0,307.0,217.0,1.0,237.0,205.0,1.0,171.0,290.0,1.0,153.0,292.0,1.0,377.0,229.0,1.0,400.0,328.0,1.0,346.0,395.0,1.0,291.0,419.0,1.0,245.0,414.0,1.0,338.0,425.0,1.0,305.0,133.0,1.0,334.0,136.0,1.0,283.0,135.0,1.0,354.0,151.0,1.0,2.3416817210749037,2.0612462259326696,2.2349481900036663,1.9688483740012879
319.0,150.0,1.0,306.0,218.0,1.0,237.0,207.0,1.0,169.0,302.0,1.0,153.0,274.0,1.0,377.0,230.0,1.0,399.0,329.0,1.0,346.0,397.0,1.0,293.0,418.0,1.0,245.0,415.0,1.0,340.0,425.0,1.0,305.0,134.0,1.0,334.0,136.0,1.0,283.0,136.0,1.0,354.0,151.0,1.0,1.1403906247765836,2.0339508662032717,2.2608632452181268,1.9568970511393617
318.0,151.0,1.0,306.0,220.0,1.0,237.0,210.0,1.0,177.0,312.0,1.0,164.0,258.0,1.0,377.0,231.0,1.0,399.0,331.0,1.0,347.0,401.0,1.0,296.0,417.0,1.0,248.0,415.0,1.0,340.0,425.0,1.0,304.0,135.0,1.0,333.0,137.0,1.0,282.0,137.0,1.0,353.0,152.0,1.0,0.7679693279772432,1.958594944665486,2.286128363609817,1.941054160829465
317.0,151.0,1.0,306.0,222.0,1.0,237.0,213.0,1.0,182.0,316.0,1.0,172.0,253.0,1.0,376.0,232.0,1.0,399.0,332.0,1.0,348.0,404.0,1.0,297.0,420.0,1.0,246.0,418.0,1.0,341.0,428.0,1.0,303.0,136.0,1.0,332.0,137.0,1.0,281.0,138.0,1.0,353.0,152.0,1.0,0.6478779772752321,1.931554894187626,2.299227328199838,1.9387617693929444
316.0,151.0,1.0,306.0,221.0,1.0,238.0,215.0,1.0,186.0,321.0,1.0,179.0,262.0,1.0,376.0,232.0,1.0,400.0,332.0,1.0,349.0,400.0,1.0,296.0,420.0,1.0,246.0,420.0,1.0,339.0,424.0,1.0,302.0,136.0,1.0,331.0,137.0,1.0,280.0,139.0,1.0,352.0,152.0,1.0,0.5741640247687049,1.9388609496167666,2.2625465640756457,1.9622095089140825
315.0,150.0,1.0,307.0,220.0,1.0,239.0,215.0,1.0,187.0,314.0,1.0,185.0,320.0,1.0,377.0,230.0,1.0,399.0,324.0,1.0,347.0,385.0,1.0,294.0,420.0,1.0,247.0,419.0,1.0,340.0,424.0,1.0,301.0,136.0,1.0,330.0,136.0,1.0,280.0,139.0,1.0,351.0,151.0,1.0,2.979698265012479,1.9810439438672416,2.205768306668647,1.9425978095309653
315.0,149.0,1.0,308.0,218.0,1.0,238.0,213.0,1.0,187.0,306.0,1.0,215.0,388.0,1.0,377.0,225.0,1.0,404.0,324.0,1.0,348.0,362.0,1.0,298.0,418.0,1.0,249.0,418.0,1.0,344.0,422.0,1.0,301.0,135.0,1.0,330.0,135.0,1.0,280.0,138.0,1.0,351.0,149.0,1.0,2.3109389045603335,2.0010929161987265,1.9007434189414512,1.9381517476821204
315.0,147.0,1.0,309.0,216.0,1.0,238.0,212.0,1.0,193.0,302.0,1.0,201.0,380.0,1.0,378.0,222.0,1.0,405.0,317.0,1.0,366.0,332.0,1.0,298.0,416.0,1.0,254.0,415.0,1.0,345.0,413.0,1.0,301.0,133.0,1.0,330.0,133.0,1.0,280.0,137.0,1.0,351.0,147.0,1.0,2.5757383264817335,1.9781653995069408,1.6610613212953576,1.9344435047886401
315.0,145.0,1.0,309.0,215.0,1.0,238.0,210.0,1.0,198.0,310.0,1.0,204.0,391.0,1.0,377.0,218.0,1.0,407.0,313.0,1.0,367.0,314.0,1.0,299.0,413.0,1.0,255.0,413.0,1.0,346.0,412.0,1.0,301.0,132.0,1.0,330.0,131.0,1.0,280.0,136.0,1.0,350.0,147.0,1.0,2.6871472388194877,1.880996239788637,1.2899122490089645,1.9207642555978206
314.0,145.0,1.0,309.0,215.0,1.0,238.0,211.0,1.0,197.0,310.0,1.0,207.0,386.0,1.0,377.0,216.0,1.0,402.0,326.0,1.0,354.0,292.0,1.0,301.0,413.0,1.0,250.0,408.0,1.0,347.0,412.0,1.0,300.0,132.0,1.0,329.0,131.0,1.0,280.0,136.0,1.0,350.0,147.0,1.0,2.6181277597556094,1.9071552882662615,0.7310227882581923,1.808977750313381
313.0,146.0,1.0,308.0,215.0,1.0,238.0,212.0,1.0,196.0,307.0,1.0,214.0,370.0,1.0,376.0,215.0,1.0,399.0,327.0,1.0,352.0,288.0,1.0,301.0,412.0,1.0,254.0,408.0,1.0,346.0,413.0,1.0,299.0,133.0,1.0,328.0,132.0,1.0,280.0,136.0,1.0,349.0,148.0,1.0,2.44702369672774,1.944234691983111,0.6756131715552861,1.7733376388252025
312.0,147.0,1.0,305.0,215.0,1.0,236.0,210.0,1.0,187.0,304.0,1.0,219.0,343.0,1.0,374.0,215.0,1.0,395.0,327.0,1.0,352.0,309.0,1.0,300.0,412.0,1.0,250.0,410.0,1.0,344.0,414.0,1.0,298.0,134.0,1.0,329.0,135.0,1.0,279.0,137.0,1.0,348.0,149.0,1.0,1.9739447996006265,1.9789826401040291,0.9890070935807604,1.7561442767905915
311.0,148.0,1.0,303.0,215.0,1.0,235.0,210.0,1.0,185.0,310.0,1.0,232.0,312.0,1.0,373.0,216.0,1.0,394.0,312.0,1.0,362.0,332.0,1.0,298.0,410.0,1.0,250.0,406.0,1.0,344.0,411.0,1.0,297.0,135.0,1.0,328.0,136.0,1.0,278.0,138.0,1.0,347.0,149.0,1.0,1.1496762524138748,1.961046609894091,1.914037942440721,1.8004387690800312
311.0,149.0,1.0,302.0,215.0,1.0,236.0,208.0,1.0,191.0,316.0,1.0,244.0,276.0,1.0,372.0,216.0,1.0,392.0,314.0,1.0,332.0,368.0,1.0,298.0,416.0,1.0,251.0,410.0,1.0,346.0,418.0,1.0,296.0,136.0,1.0,327.0,137.0,1.0,277.0,139.0,1.0,346.0,149.0,1.0,0.5294920592178998,1.8599218643948023,2.1022943202067625,1.786398177756934
310.0,149.0,1.0,301.0,215.0,1.0,236.0,208.0,1.0,196.0,315.0,1.0,241.0,267.0,1.0,371.0,216.0,1.0,389.0,316.0,1.0,332.0,370.0,1.0,299.0,420.0,1.0,250.0,422.0,1.0,345.0,422.0,1.0,295.0,136.0,1.0,326.0,137.0,1.0,276.0,139.0,1.0,345.0,149.0,1.0,0.3954052004970237,1.8212635516116646,2.1510811027738828,1.7631740076134907
309.0,149.0,1.0,304.0,215.0,1.0,236.0,208.0,1.0,195.0,318.0,1.0,236.0,298.0,1.0,371.0,217.0,1.0,391.0,318.0,1.0,332.0,356.0,1.0,296.0,412.0,1.0,250.0,410.0,1.0,341.0,411.0,1.0,294.0,136.0,1.0,325.0,137.0,1.0,275.0,139.0,1.0,344.0,149.0,1.0,0.7601756703061722,1.8249931293438162,1.94749917055421,1.7961290117106867
309.0,150.0,1.0,304.0,215.0,1.0,236.0,209.0,1.0,197.0,306.0,1.0,242.0,330.0,1.0,374.0,219.0,1.0,392.0,318.0,1.0,344.0,332.0,1.0,298.0,412.0,1.0,247.0,409.0,1.0,344.0,418.0,1.0,294.0,137.0,1.0,325.0,138.0,1.0,275.0,140.0,1.0,344.0,150.0,1.0,1.6784710788698756,1.865071527445905,1.6747369362107463,1.8077306089936396
309.0,151.0,1.0,305.0,215.0,1.0,236.0,210.0,1.0,197.0,298.0,1.0,230.0,344.0,1.0,375.0,219.0,1.0,394.0,324.0,1.0,345.0,321.0,1.0,298.0,412.0,1.0,262.0,412.0,1.0,343.0,419.0,1.0,294.0,138.0,1.0,325.0,139.0,1.0,277.0,139.0,1.0,344.0,151.0,1.0,2.1021203047527828,1.9156284739061047,1.3306328871241098,1.806892386222647
309.0,151.0,1.0,305.0,215.0,1.0,236.0,210.0,1.0,198.0,299.0,1.0,231.0,346.0,1.0,375.0,219.0,1.0,395.0,323.0,1.0,344.0,322.0,1.0,299.0,412.0,1.0,261.0,412.0,1.0,344.0,416.0,1.0,294.0,138.0,1.0,325.0,139.0,1.0,277.0,139.0,1.0,344.0,151.0,1.0,2.1259052216300716,1.90199393127094,1.3612027080189761,1.8178653971198768
309.0,151.0,1.0,304.0,215.0,1.0,235.0,211.0,1.0,199.0,304.0,1.0,233.0,329.0,1.0,374.0,219.0,1.0,395.0,323.0,1.0,339.0,335.0,1.0,298.0,406.0,1.0,250.0,410.0,1.0,343.0,416.0,1.0,294.0,138.0,1.0,325.0,139.0,1.0,276.0,139.0,1.0,344.0,151.0,1.0,1.8354853887846931,1.8822237792204148,1.5826456734374372,1.8271210957813673
308.0,152.0,1.0,303.0,215.0,1.0,234.0,212.0,1.0,197.0,316.0,1.0,248.0,314.0,1.0,372.0,218.0,1.0,393.0,321.0,1.0,336.0,357.0,1.0,298.0,413.0,1.0,251.0,411.0,1.0,344.0,415.0,1.0,295.0,137.0,1.0,324.0,140.0,1.0,275.0,140.0,1.0,343.0,152.0,1.0,1.189795552886953,1.8691506033842546,1.9329857024703252,1.815374108002967
308.0,151.0,1.0,301.0,215.0,1.0,233.0,212.0,1.0,200.0,320.0,1.0,244.0,308.0,1.0,370.0,218.0,1.0,389.0,323.0,1.0,336.0,362.0,1.0,299.0,419.0,1.0,251.0,416.0,1.0,344.0,419.0,1.0,295.0,136.0,1.0,323.0,139.0,1.0,274.0,140.0,1.0,342.0,152.0,1.0,1.0079984685742707,1.8232530784665253,2.0261638702495,1.7932624992079131
308.0,150.0,1.0,300.0,215.0,1.0,232.0,212.0,1.0,198.0,323.0,1.0,237.0,320.0,1.0,370.0,219.0,1.0,389.0,319.0,1.0,338.0,358.0,1.0,299.0,417.0,1.0,252.0,414.0,1.0,344.0,420.0,1.0,295.0,135.0,1.0,323.0,138.0,1.0,274.0,140.0,1.0,342.0,152.0,1.0,1.1967921277074274,1.823939577214516,2.0358810113820773,1.8156390557147546
308.0,150.0,1.0,300.0,215.0,1.0,232.0,212.0,1.0,197.0,312.0,1.0,242.0,346.0,1.0,370.0,221.0,1.0,391.0,316.0,1.0,360.0,332.0,1.0,298.0,420.0,1.0,250.0,418.0,1.0,340.0,424.0,1.0,295.0,135.0,1.0,323.0,138.0,1.0,274.0,140.0,1.0,342.0,152.0,1.0,1.8811687006284925,1.863382088783552,1.829709627134595,1.8738557396071096
308.0,150.0,1.0,301.0,215.0,1.0,232.0,211.0,1.0,195.0,315.0,1.0,230.0,348.0,1.0,371.0,222.0,1.0,392.0,326.0,1.0,344.0,324.0,1.0,298.0,420.0,1.0,249.0,417.0,1.0,341.0,422.0,1.0,295.0,135.0,1.0,323.0,139.0,1.0,275.0,140.0,1.0,342.0,153.0,1.0,1.9849860300074509,1.8546952935276784,1.3299097611161022,1.8697089658662647
308.0,150.0,1.0,301.0,215.0,1.0,232.0,210.0,1.0,193.0,313.0,1.0,228.0,348.0,1.0,369.0,224.0,1.0,391.0,326.0,1.0,342.0,318.0,1.0,298.0,420.0,1.0,248.0,417.0,1.0,341.0,422.0,1.0,295.0,135.0,1.0,323.0,139.0,1.0,275.0,140.0,1.0,342.0,154.0,1.0,1.9942357329546159,1.8604177534940307,1.1965268750477316,1.9148164887615595
308.0,150.0,1.0,300.0,215.0,1.0,231.0,211.0,1.0,189.0,312.0,1.0,220.0,334.0,1.0,368.0,224.0,1.0,391.0,328.0,1.0,338.0,331.0,1.0,294.0,414.0,1.0,248.0,412.0,1.0,342.0,419.0,1.0,295.0,135.0,1.0,323.0,139.0,1.0,275.0,140.0,1.0,342.0,154.0,1.0,1.7938998334000216,1.9069780064820265,1.4096891474526712,1.9200350845398602
307.0,151.0,1.0,299.0,215.0,1.0,230.0,212.0,1.0,191.0,316.0,1.0,238.0,328.0,1.0,367.0,224.0,1.0,391.0,327.0,1.0,340.0,350.0,1.0,294.0,414.0,1.0,247.0,413.0,1.0,342.0,418.0,1.0,294.0,136.0,1.0,322.0,140.0,1.0,274.0,141.0,1.0,341.0,154.0,1.0,1.462004277985147,1.886116101673938,1.7655402521568035,1.9313094647684264
306.0,151.0,1.0,298.0,215.0,1.0,229.0,212.0,1.0,194.0,315.0,1.0,234.0,316.0,1.0,366.0,224.0,1.0,387.0,329.0,1.0,328.0,364.0,1.0,296.0,417.0,1.0,248.0,414.0,1.0,342.0,418.0,1.0,293.0,136.0,1.0,321.0,140.0,1.0,273.0,141.0,1.0,340.0,154.0,1.0,1.2682266780353328,1.8549098737818497,1.9088203088816418,1.899780028102698
306.0,151.0,1.0,298.0,215.0,1.0,229.0,212.0,1.0,192.0,317.0,1.0,246.0,328.0,1.0,366.0,225.0,1.0,387.0,329.0,1.0,330.0,358.0,1.0,300.0,410.0,1.0,249.0,408.0,1.0,343.0,415.0,1.0,293.0,135.0,1.0,321.0,140.0,1.0,273.0,141.0,1.0,340.0,154.0,1.0,1.432956232091354,1.8661397897950054,1.84219284222083,1.916052571086378
306.0,152.0,1.0,298.0,215.0,1.0,229.0,211.0,1.0,188.0,316.0,1.0,230.0,338.0,1.0,366.0,226.0,1.0,388.0,324.0,1.0,342.0,342.0,1.0,292.0,414.0,1.0,246.0,411.0,1.0,340.0,418.0,1.0,293.0,136.0,1.0,321.0,141.0,1.0,273.0,141.0,1.0,340.0,154.0,1.0,1.6810402906983266,1.8851594526658362,1.7229552788656093,1.9520005405001957
306.0,153.0,1.0,298.0,215.0,1.0,229.0,211.0,1.0,187.0,313.0,1.0,221.0,344.0,1.0,367.0,226.0,1.0,390.0,328.0,1.0,330.0,330.0,1.0,292.0,414.0,1.0,242.0,417.0,1.0,338.0,420.0,1.0,293.0,137.0,1.0,321.0,142.0,1.0,273.0,141.0,1.0,340.0,154.0,1.0,1.919466330480147,1.903497165244476,1.3823363536505444,1.9506672669391816
306.0,153.0,1.0,298.0,215.0,1.0,229.0,211.0,1.0,187.0,314.0,1.0,224.0,341.0,1.0,367.0,226.0,1.0,390.0,328.0,1.0,330.0,331.0,1.0,292.0,412.0,1.0,243.0,411.0,1.0,338.0,420.0,1.0,293.0,137.0,1.0,321.0,142.0,1.0,273.0,141.0,1.0,340.0,154.0,1.0,1.8140136740870814,1.900074195728112,1.3989737534942401,1.9506672669391816
306.0,153.0,1.0,297.0,215.0,1.0,228.0,212.0,1.0,187.0,316.0,1.0,240.0,330.0,1.0,366.0,226.0,1.0,390.0,330.0,1.0,356.0,344.0,1.0,292.0,420.0,1.0,244.0,420.0,1.0,338.0,421.0,1.0,293.0,137.0,1.0,321.0,142.0,1.0,272.0,141.0,1.0,342.0,154.0,1.0,1.4535255169457417,1.9028684610635596,1.7346045224386974,1.9556851459704683
305.0,153.0,1.0,296.0,215.0,1.0,230.0,214.0,1.0,187.0,324.0,1.0,236.0,316.0,1.0,365.0,226.0,1.0,388.0,332.0,1.0,332.0,364.0,1.0,288.0,426.0,1.0,243.0,422.0,1.0,337.0,425.0,1.0,292.0,138.0,1.0,320.0,142.0,1.0,271.0,142.0,1.0,341.0,154.0,1.0,1.0363139917066442,1.9282908747699563,1.876273453501436,1.942555285456566
304.0,153.0,1.0,295.0,215.0,1.0,229.0,214.0,1.0,188.0,326.0,1.0,236.0,311.0,1.0,364.0,226.0,1.0,384.0,334.0,1.0,329.0,373.0,1.0,290.0,429.0,1.0,242.0,424.0,1.0,337.0,425.0,1.0,291.0,138.0,1.0,319.0,141.0,1.0,270.0,142.0,1.0,340.0,154.0,1.0,0.9169914610094968,1.9065659683305554,2.004486733320431,1.9119971151790665
303.0,153.0,1.0,295.0,215.0,1.0,229.0,214.0,1.0,187.0,320.0,1.0,242.0,330.0,1.0,364.0,226.0,1.0,384.0,328.0,1.0,328.0,365.0,1.0,290.0,421.0,1.0,242.0,420.0,1.0,337.0,425.0,1.0,290.0,138.0,1.0,318.0,140.0,1.0,269.0,142.0,1.0,340.0,154.0,1.0,1.373400766945016,1.932895030562486,1.9610447296010662,1.9225082907725277
302.0,153.0,1.0,296.0,215.0,1.0,229.0,214.0,1.0,187.0,314.0,1.0,234.0,348.0,1.0,365.0,226.0,1.0,388.0,324.0,1.0,348.0,346.0,1.0,292.0,416.0,1.0,243.0,419.0,1.0,338.0,418.0,1.0,289.0,139.0,1.0,318.0,140.0,1.0,269.0,143.0,1.0,340.0,154.0,1.0,1.799429772871522,1.953500053326941,1.8431176986793887,1.9594081369599512
301.0,154.0,1.0,297.0,214.0,1.0,229.0,214.0,1.0,186.0,318.0,1.0,224.0,361.0,1.0,366.0,225.0,1.0,392.0,326.0,1.0,332.0,330.0,1.0,293.0,418.0,1.0,248.0,420.0,1.0,338.0,420.0,1.0,288.0,140.0,1.0,318.0,141.0,1.0,269.0,144.0,1.0,339.0,154.0,1.0,2.0257876423163372,1.9628533453101633,1.385409196452084,1.980841592035219
300.0,154.0,1.0,297.0,216.0,1.0,229.0,213.0,1.0,186.0,315.0,1.0,221.0,362.0,1.0,366.0,223.0,1.0,395.0,318.0,1.0,346.0,316.0,1.0,294.0,422.0,1.0,248.0,423.0,1.0,335.0,427.0,1.0,287.0,140.0,1.0,317.0,141.0,1.0,268.0,144.0,1.0,340.0,153.0,1.0,2.102543843095023,1.925667927129849,1.2337242860411117,1.9681780564171147
299.0,154.0,1.0,297.0,215.0,1.0,228.0,213.0,1.0,185.0,310.0,1.0,219.0,349.0,1.0,364.0,224.0,1.0,402.0,324.0,1.0,374.0,314.0,1.0,293.0,418.0,1.0,248.0,422.0,1.0,336.0,426.0,1.0,286.0,140.0,1.0,316.0,141.0,1.0,267.0,142.0,1.0,339.0,153.0,1.0,2.0073134417105636,1.95908632501562,0.8646253764280171,2.0674723858329442
298.0,154.0,1.0,296.0,214.0,1.0,227.0,213.0,1.0,185.0,314.0,1.0,219.0,337.0,1.0,363.0,220.0,1.0,406.0,313.0,1.0,383.0,298.0,1.0,292.0,420.0,1.0,240.0,422.0,1.0,340.0,424.0,1.0,285.0,141.0,1.0,314.0,141.0,1.0,266.0,142.0,1.0,338.0,153.0,1.0,1.7714676993430123,1.9503924726646338,0.5598049511093445,2.0931997585114255
297.0,154.0,1.0,295.0,213.0,1.0,225.0,213.0,1.0,187.0,311.0,1.0,224.0,328.0,1.0,360.0,218.0,1.0,406.0,312.0,1.0,358.0,218.0,1.0,291.0,420.0,1.0,240.0,422.0,1.0,339.0,424.0,1.0,284.0,141.0,1.0,313.0,141.0,1.0,265.0,142.0,1.0,337.0,152.0,1.0,1.631582770724847,1.9407023942514543,0.017021173835587333,2.1026690266328694
296.0,154.0,1.0,294.0,212.0,1.0,224.0,213.0,1.0,183.0,314.0,1.0,222.0,325.0,1.0,358.0,215.0,1.0,408.0,302.0,1.0,388.0,264.0,1.0,293.0,417.0,1.0,248.0,416.0,1.0,340.0,421.0,1.0,283.0,141.0,1.0,312.0,140.0,1.0,264.0,142.0,1.0,336.0,151.0,1.0,1.4600891031209176,1.9706981345369448,0.037140368059363806,2.1392553368072527
295.0,154.0,1.0,293.0,212.0,1.0,222.0,214.0,1.0,183.0,317.0,1.0,227.0,325.0,1.0,358.0,211.0,1.0,409.0,296.0,1.0,372.0,189.0,1.0,294.0,415.0,1.0,247.0,416.0,1.0,341.0,418.0,1.0,282.0,141.0,1.0,311.0,140.0,1.0,262.0,142.0,1.0,335.0,152.0,1.0,1.3886910693496457,1.960916651020518,0.20749622643520305,2.0958324252848857
294.0,154.0,1.0,289.0,214.0,1.0,220.0,216.0,1.0,183.0,320.0,1.0,231.0,328.0,1.0,352.0,212.0,1.0,407.0,295.0,1.0,394.0,254.0,1.0,291.0,415.0,1.0,242.0,415.0,1.0,332.0,416.0,1.0,281.0,141.0,1.0,310.0,140.0,1.0,260.0,143.0,1.0,334.0,151.0,1.0,1.3941398322286345,1.941578892627347,0.2781713634127688,2.1242780486979984
293.0,155.0,1.0,287.0,216.0,1.0,218.0,219.0,1.0,183.0,324.0,1.0,233.0,331.0,1.0,355.0,215.0,1.0,405.0,301.0,1.0,397.0,265.0,1.0,293.0,420.0,1.0,246.0,425.0,1.0,340.0,425.0,1.0,279.0,142.0,1.0,309.0,141.0,1.0,258.0,144.0,1.0,332.0,151.0,1.0,1.3881417138803258,1.9359977765830696,0.30795832555980834,2.082718775850796
292.0,156.0,1.0,285.0,218.0,1.0,217.0,222.0,1.0,184.0,326.0,1.0,232.0,332.0,1.0,354.0,220.0,1.0,407.0,309.0,1.0,398.0,205.0,1.0,293.0,424.0,1.0,244.0,428.0,1.0,343.0,425.0,1.0,278.0,143.0,1.0,307.0,142.0,1.0,256.0,146.0,1.0,330.0,151.0,1.0,1.3878925060105158,1.9368109648417615,0.45078485315391764,2.136881974740838
291.0,157.0,1.0,283.0,218.0,1.0,217.0,221.0,1.0,184.0,326.0,1.0,236.0,328.0,1.0,352.0,220.0,1.0,398.0,306.0,1.0,394.0,286.0,1.0,293.0,424.0,1.0,244.0,427.0,1.0,340.0,425.0,1.0,277.0,144.0,1.0,307.0,146.0,1.0,254.0,147.0,1.0,328.0,151.0,1.0,1.3047280336139722,1.9207304894185862,0.2937680384363798,2.0909373189327183
290.0,157.0,1.0,281.0,217.0,1.0,216.0,220.0,1.0,183.0,326.0,1.0,241.0,315.0,1.0,350.0,218.0,1.0,394.0,296.0,1.0,402.0,390.0,1.0,290.0,424.0,1.0,242.0,425.0,1.0,336.0,424.0,1.0,276.0,144.0,1.0,306.0,146.0,1.0,253.0,147.0,1.0,327.0,150.0,1.0,1.0815570365888396,1.918727620571791,2.7128884423167663,2.0988940705831456
289.0,155.0,1.0,282.0,216.0,1.0,215.0,217.0,1.0,181.0,330.0,1.0,242.0,299.0,1.0,351.0,218.0,1.0,394.0,325.0,1.0,394.0,408.0,1.0,287.0,423.0,1.0,239.0,423.0,1.0,334.0,423.0,1.0,275.0,142.0,1.0,305.0,144.0,1.0,252.0,145.0,1.0,326.0,148.0,1.0,0.808344380536861,1.8779890743962802,2.759475971911181,1.98189040232507
288.0,152.0,1.0,281.0,214.0,1.0,214.0,213.0,1.0,179.0,325.0,1.0,240.0,280.0,1.0,350.0,221.0,1.0,386.0,316.0,1.0,390.0,408.0,1.0,284.0,418.0,1.0,237.0,418.0,1.0,330.0,419.0,1.0,273.0,139.0,1.0,304.0,141.0,1.0,251.0,142.0,1.0,326.0,145.0,1.0,0.6323257515953741,1.858756930179783,2.8228166712745533,2.0341265762379663
288.0,150.0,1.0,282.0,212.0,1.0,215.0,209.0,1.0,177.0,316.0,1.0,238.0,264.0,1.0,351.0,220.0,1.0,386.0,322.0,1.0,382.0,412.0,1.0,282.0,417.0,1.0,236.0,417.0,1.0,328.0,418.0,1.0,273.0,137.0,1.0,304.0,139.0,1.0,251.0,139.0,1.0,326.0,143.0,1.0,0.5236297168985682,1.8672967864473682,2.7666294569524603,2.0167709685522435
288.0,149.0,1.0,283.0,210.0,1.0,215.0,205.0,1.0,177.0,311.0,1.0,237.0,245.0,1.0,353.0,219.0,1.0,384.0,323.0,1.0,375.0,413.0,1.0,281.0,416.0,1.0,236.0,414.0,1.0,327.0,417.0,1.0,273.0,135.0,1.0,304.0,138.0,1.0,251.0,137.0,1.0,326.0,142.0,1.0,0.3935963771379969,1.8416176838757528,2.7522324298534713,1.9883578166000562
288.0,148.0,1.0,284.0,209.0,1.0,216.0,203.0,1.0,177.0,308.0,1.0,236.0,229.0,1.0,354.0,219.0,1.0,384.0,324.0,1.0,370.0,412.0,1.0,281.0,416.0,1.0,236.0,414.0,1.0,328.0,418.0,1.0,273.0,134.0,1.0,304.0,138.0,1.0,251.0,137.0,1.0,326.0,141.0,1.0,0.28583682970847224,1.8384248375679157,2.705524256988728,1.9909930404041718
288.0,149.0,1.0,286.0,209.0,1.0,216.0,203.0,1.0,180.0,309.0,1.0,233.0,225.0,1.0,355.0,220.0,1.0,384.0,325.0,1.0,365.0,412.0,1.0,281.0,417.0,1.0,236.0,418.0,1.0,328.0,420.0,1.0,273.0,135.0,1.0,304.0,139.0,1.0,251.0,137.0,1.0,326.0,141.0,1.0,0.23546802104788395,1.8126912449169186,2.6571051219101234,1.998358947848746
288.0,151.0,1.0,286.0,213.0,1.0,216.0,205.0,1.0,181.0,314.0,1.0,232.0,227.0,1.0,356.0,220.0,1.0,385.0,327.0,1.0,364.0,409.0,1.0,283.0,416.0,1.0,238.0,410.0,1.0,328.0,419.0,1.0,273.0,137.0,1.0,304.0,141.0,1.0,251.0,138.0,1.0,326.0,143.0,1.0,0.21951449245935675,1.7677055999684619,2.626213622178007,1.9351347512764363
288.0,154.0,1.0,287.0,217.0,1.0,216.0,210.0,1.0,182.0,327.0,1.0,232.0,262.0,1.0,356.0,223.0,1.0,387.0,328.0,1.0,362.0,404.0,1.0,284.0,419.0,1.0,236.0,418.0,1.0,328.0,424.0,1.0,273.0,140.0,1.0,303.0,142.0,1.0,251.0,143.0,1.0,326.0,146.0,1.0,0.3728864149419334,1.7553315848384905,2.5367122785927587,1.9446170346580243
288.0,157.0,1.0,286.0,220.0,1.0,217.0,217.0,1.0,177.0,328.0,1.0,236.0,324.0,1.0,356.0,225.0,1.0,388.0,324.0,1.0,361.0,388.0,1.0,283.0,425.0,1.0,234.0,424.0,1.0,328.0,428.0,1.0,274.0,143.0,1.0,303.0,145.0,1.0,252.0,146.0,1.0,326.0,149.0,1.0,1.1572287442636866,1.8732199912406071,2.429739617935094,1.9547360576596335
290.0,163.0,1.0,285.0,220.0,1.0,217.0,220.0,1.0,185.0,330.0,1.0,242.0,404.0,1.0,356.0,223.0,1.0,388.0,314.0,1.0,359.0,363.0,1.0,282.0,426.0,1.0,236.0,427.0,1.0,330.0,428.0,1.0,276.0,146.0,1.0,305.0,148.0,1.0,253.0,148.0,1.0,327.0,151.0,1.0,2.202148500627106,1.853892112094392,2.269054648130732,1.951167257612546
292.0,165.0,1.0,288.0,219.0,1.0,218.0,220.0,1.0,187.0,328.0,1.0,222.0,411.0,1.0,358.0,221.0,1.0,392.0,314.0,1.0,359.0,337.0,1.0,282.0,433.0,1.0,238.0,433.0,1.0,330.0,435.0,1.0,278.0,148.0,1.0,307.0,150.0,1.0,255.0,148.0,1.0,329.0,153.0,1.0,2.463009552730019,1.8646032216659334,1.8289890067119867,1.9498566120439782
296.0,163.0,1.0,291.0,218.0,1.0,220.0,220.0,1.0,185.0,340.0,1.0,229.0,411.0,1.0,359.0,222.0,1.0,392.0,328.0,1.0,348.0,298.0,1.0,282.0,432.0,1.0,238.0,428.0,1.0,335.0,435.0,1.0,282.0,146.0,1.0,311.0,149.0,1.0,259.0,146.0,1.0,332.0,152.0,1.0,2.30300631724357,1.882752002991117,0.6705672555539762,1.9313623272730025
300.0,162.0,1.0,293.0,217.0,1.0,222.0,218.0,1.0,185.0,329.0,1.0,236.0,392.0,1.0,360.0,220.0,1.0,389.0,323.0,1.0,348.0,296.0,1.0,284.0,426.0,1.0,244.0,426.0,1.0,333.0,431.0,1.0,286.0,145.0,1.0,315.0,149.0,1.0,263.0,144.0,1.0,336.0,152.0,1.0,2.1393208745259367,1.906630457014399,0.7139947937500756,1.8899911451503502
303.0,162.0,1.0,293.0,216.0,1.0,222.0,214.0,1.0,186.0,316.0,1.0,222.0,352.0,1.0,360.0,220.0,1.0,388.0,325.0,1.0,360.0,316.0,1.0,284.0,426.0,1.0,236.0,426.0,1.0,332.0,431.0,1.0,289.0,144.0,1.0,318.0,149.0,1.0,265.0,140.0,1.0,339.0,152.0,1.0,2.0169018757383004,1.881927374261049,0.9991956544420146,1.891029431673407
305.0,162.0,1.0,291.0,215.0,1.0,222.0,211.0,1.0,185.0,326.0,1.0,256.0,328.0,1.0,360.0,222.0,1.0,390.0,320.0,1.0,351.0,340.0,1.0,284.0,429.0,1.0,234.0,431.0,1.0,332.0,432.0,1.0,291.0,144.0,1.0,320.0,149.0,1.0,267.0,139.0,1.0,340.0,152.0,1.0,1.2876781608908436,1.8241698544387348,1.7475834509486141,1.9689639108722379
305.0,162.0,1.0,291.0,215.0,1.0,221.0,213.0,1.0,185.0,330.0,1.0,244.0,286.0,1.0,360.0,224.0,1.0,386.0,324.0,1.0,331.0,374.0,1.0,282.0,428.0,1.0,235.0,429.0,1.0,332.0,433.0,1.0,291.0,144.0,1.0,320.0,149.0,1.0,267.0,139.0,1.0,341.0,152.0,1.0,0.6315136710312094,1.8407316005423158,2.0542433283620958,1.9548669225040747
305.0,162.0,1.0,292.0,216.0,1.0,222.0,213.0,1.0,186.0,329.0,1.0,238.0,282.0,1.0,360.0,224.0,1.0,383.0,329.0,1.0,329.0,378.0,1.0,281.0,431.0,1.0,236.0,430.0,1.0,331.0,433.0,1.0,291.0,144.0,1.0,320.0,149.0,1.0,267.0,139.0,1.0,341.0,152.0,1.0,0.5349401030538791,1.8288856284865944,2.0920471680374915,1.9035467812762308
305.0,163.0,1.0,293.0,217.0,1.0,223.0,214.0,1.0,183.0,335.0,1.0,236.0,296.0,1.0,361.0,225.0,1.0,388.0,325.0,1.0,342.0,356.0,1.0,282.0,418.0,1.0,238.0,416.0,1.0,326.0,418.0,1.0,291.0,144.0,1.0,320.0,149.0,1.0,267.0,140.0,1.0,341.0,154.0,1.0,0.6171443364074662,1.8472345640375107,1.9000870542141564,1.9516169058240271
305.0,165.0,1.0,294.0,218.0,1.0,222.0,215.0,1.0,183.0,326.0,1.0,250.0,342.0,1.0,362.0,226.0,1.0,390.0,328.0,1.0,328.0,334.0,1.0,286.0,426.0,1.0,235.0,421.0,1.0,332.0,426.0,1.0,291.0,146.0,1.0,320.0,151.0,1.0,267.0,144.0,1.0,341.0,157.0,1.0,1.467333814278429,1.8670319359365866,1.3993596795541439,1.9558154937851007
304.0,167.0,1.0,294.0,219.0,1.0,222.0,215.0,1.0,179.0,314.0,1.0,220.0,350.0,1.0,363.0,228.0,1.0,386.0,331.0,1.0,327.0,322.0,1.0,289.0,432.0,1.0,246.0,429.0,1.0,331.0,427.0,1.0,291.0,147.0,1.0,320.0,153.0,1.0,268.0,145.0,1.0,341.0,159.0,1.0,1.8815925347147553,1.9250557494735627,1.1997241883195997,1.9201955586920794
304.0,167.0,1.0,293.0,220.0,1.0,222.0,214.0,1.0,180.0,314.0,1.0,222.0,345.0,1.0,363.0,230.0,1.0,383.0,335.0,1.0,329.0,327.0,1.0,282.0,439.0,1.0,234.0,439.0,1.0,330.0,441.0,1.0,291.0,148.0,1.0,320.0,153.0,1.0,268.0,145.0,1.0,342.0,158.0,1.0,1.8090067587965124,1.8841175857908194,1.2354964661017234,1.9009148867038312
304.0,168.0,1.0,292.0,221.0,1.0,221.0,214.0,1.0,179.0,326.0,1.0,230.0,325.0,1.0,361.0,232.0,1.0,382.0,337.0,1.0,324.0,349.0,1.0,282.0,430.0,1.0,230.0,427.0,1.0,330.0,428.0,1.0,291.0,148.0,1.0,320.0,154.0,1.0,268.0,145.0,1.0,342.0,159.0,1.0,1.1924203256671198,1.8312930438094597,1.5774187465375644,1.9262818577664633
303.0,169.0,1.0,291.0,221.0,1.0,221.0,214.0,1.0,185.0,324.0,1.0,234.0,312.0,1.0,360.0,232.0,1.0,382.0,335.0,1.0,317.0,377.0,1.0,280.0,435.0,1.0,230.0,437.0,1.0,328.0,441.0,1.0,291.0,149.0,1.0,320.0,155.0,1.0,267.0,146.0,1.0,341.0,159.0,1.0,1.0143391910225692,1.787413802215889,1.9340327916165838,1.939316501263056
303.0,169.0,1.0,291.0,221.0,1.0,221.0,214.0,1.0,185.0,328.0,1.0,235.0,309.0,1.0,360.0,232.0,1.0,379.0,340.0,1.0,316.0,391.0,1.0,280.0,429.0,1.0,228.0,433.0,1.0,328.0,435.0,1.0,291.0,149.0,1.0,320.0,155.0,1.0,267.0,146.0,1.0,341.0,158.0,1.0,0.9017704454438682,1.7770065457085868,2.0771736144226933,1.9030302349560002
303.0,169.0,1.0,291.0,220.0,1.0,221.0,214.0,1.0,178.0,331.0,1.0,246.0,322.0,1.0,361.0,232.0,1.0,379.0,334.0,1.0,321.0,377.0,1.0,280.0,429.0,1.0,229.0,430.0,1.0,327.0,433.0,1.0,291.0,149.0,1.0,320.0,154.0,1.0,267.0,146.0,1.0,341.0,158.0,1.0,1.0870101903711624,1.8374890280825054,2.034085127056167,1.9152467997714748
304.0,169.0,1.0,292.0,220.0,1.0,221.0,213.0,1.0,171.0,318.0,1.0,228.0,350.0,1.0,362.0,232.0,1.0,388.0,328.0,1.0,346.0,348.0,1.0,282.0,427.0,1.0,231.0,428.0,1.0,328.0,431.0,1.0,292.0,149.0,1.0,321.0,154.0,1.0,267.0,149.0,1.0,342.0,158.0,1.0,1.6379332440641032,1.9169415834399863,1.750727154146763,2.0050629833124676
306.0,169.0,1.0,294.0,219.0,1.0,225.0,213.0,1.0,167.0,316.0,1.0,216.0,366.0,1.0,364.0,232.0,1.0,382.0,332.0,1.0,338.0,328.0,1.0,283.0,426.0,1.0,238.0,424.0,1.0,330.0,429.0,1.0,294.0,149.0,1.0,323.0,154.0,1.0,269.0,149.0,1.0,344.0,158.0,1.0,1.8534448670064627,1.9969082778901157,1.3020435013629539,1.9325115911953743
307.0,168.0,1.0,294.0,218.0,1.0,226.0,211.0,1.0,166.0,314.0,1.0,211.0,346.0,1.0,365.0,231.0,1.0,386.0,331.0,1.0,338.0,313.0,1.0,283.0,431.0,1.0,234.0,437.0,1.0,330.0,435.0,1.0,296.0,148.0,1.0,324.0,153.0,1.0,270.0,148.0,1.0,345.0,158.0,1.0,1.6614699689646235,1.9956870581420623,1.0050334623045034,1.9588811775459363
308.0,167.0,1.0,294.0,217.0,1.0,227.0,209.0,1.0,167.0,312.0,1.0,216.0,324.0,1.0,365.0,230.0,1.0,388.0,331.0,1.0,335.0,309.0,1.0,278.0,443.0,1.0,224.0,441.0,1.0,326.0,449.0,1.0,297.0,147.0,1.0,325.0,152.0,1.0,272.0,144.0,1.0,345.0,158.0,1.0,1.2834967508896094,1.9794265659925918,0.9534411887356116,1.9757934834564648
308.0,166.0,1.0,294.0,215.0,1.0,227.0,206.0,1.0,167.0,312.0,1.0,217.0,302.0,1.0,365.0,227.0,1.0,390.0,326.0,1.0,337.0,307.0,1.0,280.0,422.0,1.0,234.0,416.0,1.0,328.0,426.0,1.0,297.0,146.0,1.0,325.0,151.0,1.0,272.0,143.0,1.0,345.0,157.0,1.0,0.8583279499262341,1.952340094721807,0.9792236882406055,1.9855820608372432
308.0,164.0,1.0,293.0,212.0,1.0,227.0,202.0,1.0,169.0,306.0,1.0,216.0,256.0,1.0,363.0,222.0,1.0,394.0,323.0,1.0,341.0,299.0,1.0,279.0,423.0,1.0,234.0,424.0,1.0,328.0,426.0,1.0,296.0,143.0,1.0,325.0,149.0,1.0,271.0,141.0,1.0,344.0,154.0,1.0,0.24575035951885268,1.9291547231033153,0.8477882703408438,2.010496418873495
305.0,162.0,1.0,294.0,212.0,1.0,226.0,203.0,1.0,170.0,294.0,1.0,218.0,231.0,1.0,363.0,217.0,1.0,396.0,317.0,1.0,347.0,279.0,1.0,282.0,408.0,1.0,236.0,408.0,1.0,328.0,410.0,1.0,295.0,142.0,1.0,324.0,147.0,1.0,270.0,139.0,1.0,343.0,152.0,1.0,0.09942173891593262,1.9908631678655229,0.5924200237373317,1.961881217754136
303.0,162.0,1.0,294.0,210.0,1.0,232.0,205.0,1.0,171.0,288.0,1.0,218.0,202.0,1.0,362.0,215.0,1.0,394.0,314.0,1.0,346.0,250.0,1.0,282.0,406.0,1.0,239.0,407.0,1.0,330.0,407.0,1.0,293.0,142.0,1.0,322.0,149.0,1.0,269.0,138.0,1.0,341.0,151.0,1.0,0.1336316222114924,2.1241179914886112,0.33086884271383754,1.956825918775955
302.0,162.0,1.0,293.0,208.0,1.0,231.0,201.0,1.0,173.0,282.0,1.0,222.0,183.0,1.0,358.0,217.0,1.0,395.0,306.0,1.0,350.0,214.0,1.0,282.0,408.0,1.0,237.0,406.0,1.0,332.0,409.0,1.0,292.0,143.0,1.0,321.0,149.0,1.0,268.0,138.0,1.0,340.0,150.0,1.0,0.16181729847198215,2.0797855425614666,0.06092117132014125,2.1023760985374844
301.0,163.0,1.0,293.0,208.0,1.0,231.0,200.0,1.0,176.0,280.0,1.0,225.0,177.0,1.0,356.0,216.0,1.0,395.0,299.0,1.0,362.0,215.0,1.0,283.0,408.0,1.0,235.0,408.0,1.0,332.0,410.0,1.0,288.0,144.0,1.0,320.0,150.0,1.0,267.0,139.0,1.0,339.0,150.0,1.0,0.15824506799136384,2.0447604452440657,0.06492858382050361,2.1363666436862245
300.0,164.0,1.0,293.0,209.0,1.0,233.0,203.0,1.0,178.0,284.0,1.0,231.0,175.0,1.0,352.0,217.0,1.0,393.0,302.0,1.0,363.0,207.0,1.0,284.0,409.0,1.0,235.0,408.0,1.0,333.0,410.0,1.0,287.0,146.0,1.0,319.0,151.0,1.0,267.0,141.0,1.0,339.0,151.0,1.0,0.14392303204912657,2.0676286568235605,0.1435516860664645,2.154998168743945
299.0,166.0,1.0,292.0,213.0,1.0,226.0,202.0,1.0,180.0,296.0,1.0,235.0,188.0,1.0,350.0,220.0,1.0,389.0,309.0,1.0,361.0,210.0,1.0,285.0,412.0,1.0,235.0,411.0,1.0,333.0,415.0,1.0,284.0,150.0,1.0,318.0,153.0,1.0,266.0,141.0,1.0,339.0,153.0,1.0,0.015926740251291864,1.8607484579484646,0.13737027833856227,2.103904779082504
298.0,170.0,1.0,292.0,219.0,1.0,222.0,215.0,1.0,182.0,314.0,1.0,236.0,232.0,1.0,358.0,228.0,1.0,385.0,321.0,1.0,358.0,226.0,1.0,284.0,420.0,1.0,235.0,418.0,1.0,332.0,423.0,1.0,283.0,154.0,1.0,316.0,155.0,1.0,264.0,146.0,1.0,337.0,155.0,1.0,0.19836832218896427,1.897700168343651,0.005646113151830185,1.9888789932499849
298.0,174.0,1.0,290.0,224.0,1.0,222.0,218.0,1.0,185.0,333.0,1.0,254.0,268.0,1.0,356.0,224.0,1.0,381.0,334.0,1.0,344.0,254.0,1.0,283.0,424.0,1.0,235.0,421.0,1.0,331.0,427.0,1.0,283.0,158.0,1.0,315.0,159.0,1.0,262.0,151.0,1.0,336.0,159.0,1.0,0.5039603151726122,1.7940686861591013,0.209723567291002,1.7942729279355296
297.0,177.0,1.0,292.0,230.0,1.0,222.0,225.0,1.0,187.0,328.0,1.0,226.0,362.0,1.0,358.0,231.0,1.0,378.0,332.0,1.0,332.0,328.0,1.0,290.0,439.0,1.0,244.0,439.0,1.0,340.0,441.0,1.0,282.0,162.0,1.0,314.0,162.0,1.0,261.0,155.0,1.0,335.0,162.0,1.0,1.9602437042233576,1.8270533043880903,1.2885671878702307,1.7814374829183472
296.0,181.0,1.0,292.0,232.0,1.0,222.0,228.0,1.0,197.0,332.0,1.0,232.0,435.0,1.0,358.0,233.0,1.0,376.0,330.0,1.0,328.0,412.0,1.0,284.0,420.0,1.0,244.0,418.0,1.0,332.0,418.0,1.0,281.0,166.0,1.0,313.0,165.0,1.0,260.0,159.0,1.0,334.0,165.0,1.0,2.5781195941428376,1.7496241614571038,2.4285230976579757,1.7694266398194074
296.0,182.0,1.0,292.0,233.0,1.0,223.0,230.0,1.0,199.0,344.0,1.0,222.0,449.0,1.0,358.0,233.0,1.0,376.0,332.0,1.0,333.0,441.0,1.0,290.0,435.0,1.0,248.0,435.0,1.0,332.0,433.0,1.0,280.0,167.0,1.0,313.0,166.0,1.0,260.0,161.0,1.0,334.0,166.0,1.0,2.718454717240121,1.7348416578385684,2.5859870990247042,1.750649826587375
296.0,180.0,1.0,291.0,234.0,1.0,223.0,233.0,1.0,198.0,351.0,1.0,224.0,453.0,1.0,358.0,236.0,1.0,376.0,354.0,1.0,339.0,445.0,1.0,282.0,445.0,1.0,234.0,441.0,1.0,334.0,442.0,1.0,280.0,165.0,1.0,313.0,164.0,1.0,260.0,161.0,1.0,334.0,165.0,1.0,2.6832285459707435,1.7648686865991103,2.604039816033571,1.7520136551960321
295.0,178.0,1.0,292.0,234.0,1.0,223.0,233.0,1.0,196.0,346.0,1.0,231.0,453.0,1.0,358.0,237.0,1.0,379.0,349.0,1.0,339.0,440.0,1.0,284.0,439.0,1.0,237.0,441.0,1.0,332.0,441.0,1.0,279.0,163.0,1.0,312.0,162.0,1.0,260.0,161.0,1.0,332.0,167.0,1.0,2.5909193887523747,1.7908452165951285,2.542106153117887,1.8015675562121685
294.0,175.0,1.0,294.0,231.0,1.0,223.0,230.0,1.0,195.0,341.0,1.0,234.0,440.0,1.0,359.0,236.0,1.0,382.0,339.0,1.0,338.0,429.0,1.0,285.0,431.0,1.0,240.0,426.0,1.0,330.0,429.0,1.0,278.0,160.0,1.0,311.0,159.0,1.0,261.0,158.0,1.0,332.0,166.0,1.0,2.519224526709119,1.8038100549967533,2.467176684027553,1.8672649128059453
293.0,169.0,1.0,294.0,226.0,1.0,226.0,224.0,1.0,196.0,334.0,1.0,236.0,421.0,1.0,361.0,231.0,1.0,384.0,331.0,1.0,338.0,414.0,1.0,287.0,413.0,1.0,241.0,405.0,1.0,329.0,412.0,1.0,277.0,154.0,1.0,310.0,153.0,1.0,262.0,153.0,1.0,332.0,163.0,1.0,2.4443916170384914,1.8076450877418169,2.409449302299568,1.8713535050026622
292.0,160.0,1.0,294.0,220.0,1.0,228.0,219.0,1.0,198.0,323.0,1.0,238.0,400.0,1.0,361.0,225.0,1.0,383.0,323.0,1.0,338.0,394.0,1.0,284.0,404.0,1.0,244.0,398.0,1.0,330.0,404.0,1.0,278.0,145.0,1.0,310.0,147.0,1.0,263.0,148.0,1.0,332.0,156.0,1.0,2.3816446349081986,1.8364836955413297,2.3558594818296683,1.8661138867381266
290.0,150.0,1.0,295.0,212.0,1.0,230.0,212.0,1.0,199.0,310.0,1.0,230.0,372.0,1.0,360.0,218.0,1.0,386.0,314.0,1.0,335.0,373.0,1.0,292.0,420.0,1.0,246.0,416.0,1.0,336.0,424.0,1.0,275.0,135.0,1.0,307.0,137.0,1.0,264.0,139.0,1.0,332.0,151.0,1.0,2.37157789197294,1.8771634794109437,2.164305561373607,1.9273315582075359
285.0,139.0,1.0,296.0,208.0,1.0,231.0,206.0,1.0,196.0,302.0,1.0,233.0,355.0,1.0,361.0,212.0,1.0,388.0,307.0,1.0,335.0,350.0,1.0,298.0,414.0,1.0,252.0,416.0,1.0,344.0,416.0,1.0,272.0,122.0,1.0,304.0,127.0,1.0,263.0,132.0,1.0,331.0,142.0,1.0,2.182526991854471,1.889643924514829,1.9754933104175436,1.909166121995421
281.0,130.0,1.0,297.0,202.0,1.0,232.0,201.0,1.0,193.0,297.0,1.0,248.0,344.0,1.0,362.0,206.0,1.0,389.0,297.0,1.0,334.0,328.0,1.0,296.0,414.0,1.0,250.0,414.0,1.0,344.0,410.0,1.0,272.0,113.0,1.0,301.0,118.0,1.0,263.0,124.0,1.0,331.0,138.0,1.0,1.8920406802729932,1.9412955944123753,1.7956190411427626,1.9206868411960576
278.0,124.0,1.0,298.0,198.0,1.0,233.0,198.0,1.0,189.0,292.0,1.0,232.0,322.0,1.0,364.0,202.0,1.0,391.0,289.0,1.0,338.0,312.0,1.0,297.0,408.0,1.0,254.0,410.0,1.0,347.0,408.0,1.0,270.0,109.0,1.0,299.0,111.0,1.0,262.8782043457031,118.10147857666016,0.0,331.0,132.0,1.0,1.7421684888141227,2.008587630436443,1.6793133019606141,1.9322485809374288
276.0,119.0,1.0,299.0,198.0,1.0,234.0,196.0,1.0,188.0,289.0,1.0,228.0,311.0,1.0,365.0,200.0,1.0,394.0,296.0,1.0,334.0,299.0,1.0,298.0,407.0,1.0,253.0,408.0,1.0,348.0,406.0,1.0,270.0,103.0,1.0,298.0,106.0,1.0,262.8604431152344,112.83811950683594,0.0,331.0,128.0,1.0,1.6143022468557653,1.9993740915914195,1.3273877106871297,1.8944570985433813
276.0,116.0,1.0,300.0,197.0,1.0,236.0,196.0,1.0,188.0,288.0,1.0,231.0,306.0,1.0,365.0,200.0,1.0,395.0,293.0,1.0,332.0,293.0,1.0,299.0,407.0,1.0,254.0,407.0,1.0,348.0,406.0,1.0,270.0,103.0,1.0,298.0,104.0,1.0,263.5660095214844,110.11822509765625,0.0,332.0,127.0,1.0,1.486350329818002,2.0360598783697554,1.2587542052323633,1.928959564371941
277.0,116.0,1.0,300.0,197.0,1.0,238.0,197.0,1.0,190.0,290.0,1.0,230.0,306.0,1.0,366.0,201.0,1.0,396.0,294.0,1.0,332.0,290.0,1.0,301.0,411.0,1.0,254.0,411.0,1.0,347.0,411.0,1.0,271.0,102.0,1.0,298.0,104.0,1.0,264.85675048828125,109.51270294189453,0.0,334.0,127.0,1.0,1.4748352844335548,2.0472637462686034,1.196335395236406,1.9433704681395372
279.0,117.0,1.0,301.0,198.0,1.0,240.0,199.0,1.0,193.0,294.0,1.0,229.0,310.0,1.0,367.0,203.0,1.0,401.0,298.0,1.0,332.0,293.0,1.0,302.0,415.0,1.0,255.0,415.0,1.0,347.0,416.0,1.0,272.0,105.0,1.0,299.0,105.0,1.0,266.5750732421875,110.55879211425781,0.0,336.0,128.0,1.0,1.529592431616323,2.0466165258607045,1.154768389267697,1.9901000770203312
281.0,119.0,1.0,306.0,201.0,1.0,243.0,202.0,1.0,197.0,299.0,1.0,234.0,324.0,1.0,369.0,205.0,1.0,402.0,303.0,1.0,331.0,303.0,1.0,305.0,416.0,1.0,257.0,415.0,1.0,349.0,417.0,1.0,274.0,106.0,1.0,300.0,106.0,1.0,268.560546875,112.0577163696289,0.0,338.0,130.0,1.0,1.7221927416307414,2.0294852987512755,1.2459876779557952,1.95901192760083
283.0,120.0,1.0,310.0,204.0,1.0,246.0,204.0,1.0,204.0,304.0,1.0,238.0,344.0,1.0,371.0,207.0,1.0,403.0,309.0,1.0,330.0,320.0,1.0,310.0,416.0,1.0,261.0,415.0,1.0,352.0,417.0,1.0,276.0,107.0,1.0,302.0,108.0,1.0,270.89288330078125,113.44371795654297,0.0,340.0,131.0,1.0,2.039470597825446,1.968424318317026,1.4163551273284551,1.9239380005510613
286.0,121.0,1.0,312.0,205.0,1.0,249.0,205.0,1.0,215.0,304.0,1.0,242.0,362.0,1.0,373.0,209.0,1.0,408.0,304.0,1.0,334.0,344.0,1.0,312.0,419.0,1.0,266.0,418.0,1.0,355.0,417.0,1.0,280.0,112.0,1.0,304.0,109.0,1.0,273.54095458984375,114.68681335449219,0.0,342.0,132.0,1.0,2.375096030216502,1.901610077137247,1.7133576124538146,1.989266739545272
288.0,122.0,1.0,314.0,205.0,1.0,252.0,206.0,1.0,218.0,302.0,1.0,236.0,378.0,1.0,375.0,210.0,1.0,407.0,306.0,1.0,338.0,364.0,1.0,312.0,408.0,1.0,268.0,406.0,1.0,357.0,412.0,1.0,282.0,113.0,1.0,306.0,111.0,1.0,276.0306091308594,115.7411880493164,0.0,344.0,133.0,1.0,2.568653773142977,1.9273058992804397,1.9480453864372556,1.9743312618095348
